id,created_at,symbol,body,sentiment_basic,user_id,user_followers
658707954,2026-07-09T21:32:15Z,ORCL,$ORCL holy shit finally Green Day … now followed by 6 red days ?,,9993357,1
658705532,2026-07-09T20:59:54Z,ORCL,"$META $MSFT $ORCL $SPY hello zuckers, watch and learn from daddy kiddos 🥸🥸🥸🤩🤩🤓🤓😎😎",,1485329,288
658705363,2026-07-09T20:57:40Z,ORCL,$ORCL bond downgraded to junk but too bad they already completed their blockbuster bond sale sucker $,Bullish,8151790,489
658704444,2026-07-09T20:45:54Z,ORCL,$ORCL I’m so far underwater on this one it’s gonna take me a year to break even. 😂,,3142747,117
658704403,2026-07-09T20:45:28Z,ORCL,"$META $NFLX meta should really buy $NFLX $125 , cask cow with 300m users based Fb has 2b members easy for them to beat YouTube and TikTok. $GOOG $ORCL",,9983893,20
658704085,2026-07-09T20:41:53Z,ORCL,"$ORCL  they downgraded the market too, didn’t stop it from hitting ATH",,1204875,160
658703970,2026-07-09T20:40:27Z,ORCL,"@SpartanB68 yeah a green day is precious to these stocks lol, like $ORCL 14 red in a row",,10942832,4
658703708,2026-07-09T20:38:15Z,ORCL,"$ORCL Agreed, but they need to look for more clients rather than to depend heavily on OpenAI",,10586746,128
658703666,2026-07-09T20:37:50Z,ORCL,"$ORCL premium expensive af to trade this bitch but volatility is king, look at that 4hr set up",,8151790,489
658703118,2026-07-09T20:32:41Z,ORCL,"$ORCL to $10? Sounds wild, but I don’t think it’s crazy.    If the structure keeps tightening and buyers stay in control, that kind of move isn’t off the table. Watching momentum and volume here. 💰",,6986772,8
658702963,2026-07-09T20:31:16Z,ORCL,"$ORCL $NOW $CRWV all trading like the market already wrote the obituary.    But are the businesses actually broken? Different question.    Price action says fear. Fundamentals don’t scream “dead company” yet.    That gap is where trades get interesting… or where value traps start. Need confirmation, not vibes.",,6955532,7
658702917,2026-07-09T20:30:52Z,ORCL,"My advice for July 9th:    $PLTR  - Don’t buy  $ORCL - Don’t buy  $NVDA - Buy at $188-$196  $MSFT - Buy at $370-$378    The market always creates opportunities, but the best trades usually come when price reaches your levels, not when emotions take over.    The next list is about to be released!  Are you going to miss out again?           I’m not financially struggling, so I choose to share it for free.",,10982665,246
658702361,2026-07-09T20:25:42Z,ORCL,$ORCL,,3378203,47
658701735,2026-07-09T20:19:43Z,ORCL,$ORCL solid day.,Bullish,747982,258
658701560,2026-07-09T20:18:04Z,ORCL,$ORCL,Bullish,5906989,1570
658701340,2026-07-09T20:15:57Z,ORCL,$ORCL loaded 143 calls at the close. Let’s get another 200% print tomorrow,Bullish,8151790,489
658700939,2026-07-09T20:12:33Z,ORCL,"$ORCL Anyone dumping their shares here will likely feel the same regret as those who sold Intel under $25 last year. By year-end, they’ll be banging their heads against the wall.",,220759,1191
658700877,2026-07-09T20:12:04Z,ORCL,$ORCL We expect to hear from ORCL tomorrow and respond to this downgrade ..very strange timing 🫢,Bullish,10898579,2
658699381,2026-07-09T20:01:09Z,ORCL,$ORCL This is going to do what $MSFT did it bottomed on June 25.    I believe Oracle has bottomed and will make a nice move to a more reasonable valuation just like Microsoft.    I got in yesterday and I&#39;m holding both for the long term.  glta,Bullish,6750058,74
658699379,2026-07-09T20:01:08Z,ORCL,$ORCL Calling Larry right now. Will report back.,Bullish,10063380,2
658699020,2026-07-09T19:59:02Z,ORCL,$ORCL,Bullish,10691983,118
658698504,2026-07-09T19:56:19Z,ORCL,$ORCL 🔥🔥,Bullish,5906989,1570
658697939,2026-07-09T19:52:42Z,ORCL,$BMNR ALL TIME LOW SHORT $COIN ALL TIME LOW SHORT $MSTR ALL TIME LOW SHORT $ORCL UNDER 100 SOON  $SNDK SHORT HOLD .... 🥳🥳🥳🥳,Bearish,10667266,56
658697938,2026-07-09T19:52:42Z,ORCL,"$ORCL nice move today, holding calls will pay big time here",Bullish,2828515,211
658697921,2026-07-09T19:52:32Z,ORCL,"$RUM $RUM $RDDT $ORCL PER acquisition disclosures, Northern Data estimated to bring in $825 mm to $1.2 billion in CLOUD REVENUE. Rumble is about to do nearly $2 billion in revenue in 2026 or 8x what they did in 2025. Tell me that isnt HYPER GROWTH",Bullish,225995,79
658697892,2026-07-09T19:52:24Z,ORCL,"$RUM $RUM $RDDT $ORCL Pretty good start to 2026 for RUMBLE. Landed two cloud contracts. Tether for $250 mm and now TogetherAi for $270 mm. Thats +$500 incremental revenue. Excited to see what other cloud contracts we land with our newly acquired 9 DATA CENTERS, 22k $NVDA GPUs, and 300k CPUs post Northern Data acquisition.",Bullish,225995,79
658697879,2026-07-09T19:52:19Z,ORCL,$ORCL pin job,,1125983,1
658695668,2026-07-09T19:36:54Z,ORCL,$ORCL uptrend will continue.,Bullish,747982,258
658695595,2026-07-09T19:36:18Z,ORCL,"$ORCL If we dont close over $145, I&#39;m gonna have to a very stern word with Larry over the phone. Very. Stern.",,10063380,2
658694944,2026-07-09T19:31:21Z,ORCL,$ORCL will close +$146 …tomorrow +$150,Bullish,10898579,2
658694764,2026-07-09T19:30:08Z,ORCL,$ORCL was hoping to close above 145,,10932575,1
658694670,2026-07-09T19:29:28Z,ORCL,$ORCL just close above 145 and we moonshine,,11050925,0
658693605,2026-07-09T19:21:16Z,ORCL,$PLTR $ORCL power hour!,Bullish,220759,1191
658693601,2026-07-09T19:21:12Z,ORCL,$ORCL     Risk here is open ai going bust which is imo less than 1%.    Insane upside. $659 billion with a B secured.    insanity to be short here. ok maybe they shake you out down another 10% here but im not betting against the numbers and Ellison.    This is jmo. this is NOT financial advice.    Omly 1 Frank. google me. Record speaks for itself. I value this stock at $800 price target 2028 max,Bullish,8012914,35
658693523,2026-07-09T19:20:43Z,ORCL,$MSFT $ORCL buy the calls here!!,Bullish,4324864,68
658693350,2026-07-09T19:19:24Z,ORCL,$ORCL Most of the dividends tomorrow will be invested in the stock..at least I’m talking about myself,Bullish,10898579,2
658693204,2026-07-09T19:18:18Z,ORCL,$ORCL risk vs this week&#39;s low,,1557204,5341
658693078,2026-07-09T19:17:26Z,ORCL,"$MSFT is basically running the $ORCL playbook here.    Same technical game. Same type of setup.    No need to overcomplicate it. Watch the structure, not the noise.",,6954299,7
658692777,2026-07-09T19:14:57Z,ORCL,$ORCL one fucking day this can’t keep 5 percent,,9780202,3
658692508,2026-07-09T19:12:53Z,ORCL,"$ORCL only looks cheap if that $638B backlog turns into real revenue, not just a headline number.    That’s the whole trade.    If conversion starts showing up clean, bears have a problem. If not, “cheap” is just another value trap with better marketing.",,6955483,7
658692375,2026-07-09T19:11:50Z,ORCL,"$ORCL Just one good news, PR, pictures something, anything, then we are off for good! Come on management turds do something!",Bullish,6997651,143
658692308,2026-07-09T19:11:17Z,ORCL,If $ORCL breaks this heavy support where are we heading lol. $0?,Bullish,10696673,15
658692296,2026-07-09T19:11:09Z,ORCL,$ORCL true,Bullish,4855037,22
658692141,2026-07-09T19:10:03Z,ORCL,"$ORCL sitting right on the 200WMA again.    Last 4 tags of this level all gave at least a 20% bounce in the following weeks. Same setup on paper.    Not calling it magic. Just a clean R/R spot if buyers show up and defend the line. Lose it cleanly, different story.",,6987685,5
658691883,2026-07-09T19:08:10Z,ORCL,$ORCL turned to be a Chinese scam company with pump and dump every 3-6 months,,11036341,1
658691452,2026-07-09T19:05:08Z,ORCL,$ORCL is sitting right on a big level.    Reaction so far is constructive. That horizontal hurdle is doing its job for a bounce.    More than a bounce? Not proven yet. Needs to show follow-through before calling it anything bigger.    Long exposure here is via $IGV. Risk stays tied to this level.,,6986707,10
658691159,2026-07-09T19:03:05Z,ORCL,$ORCL   I am seeing tomorrow Friday July 10 for ex-dividend day of 50cents a share.   $ORCL supposed to be an easy $200+ stock and is navigating in the low to mid $100’s.,Bullish,8496584,18
658690962,2026-07-09T19:01:37Z,ORCL,"$ORCL what a turd , definitely going down tomorrow to $138-135",,11036341,1
658690509,2026-07-09T18:58:20Z,ORCL,$ORCL give me more,,3669495,83
658690304,2026-07-09T18:56:48Z,ORCL,$ORCL It will close above $145 for sure and based on next week positive GEX on options OI and volume. It will move its way up to $150 to $160,Bullish,9690956,9
658690087,2026-07-09T18:55:07Z,ORCL,$ORCL opened a position today at $143.87,Bullish,10696673,15
658690048,2026-07-09T18:54:49Z,ORCL,$INTC $ORCL UP! UP! UP!,Bullish,9665129,98
658689652,2026-07-09T18:51:39Z,ORCL,$ORCL the bottom has already happened,Bullish,10466565,15
658689520,2026-07-09T18:50:39Z,ORCL,Gimme back $INTC 116 and $ORCL 149,Bullish,9665129,98
658689487,2026-07-09T18:50:22Z,ORCL,Big level for Oracle $ORCL right here and the positive reaction that is being observed suggests that the horizontal hurlde is good for a bounce.  Whether it can do anything more than this up for debate.  We are long via $IGV,,9807,47127
658689367,2026-07-09T18:49:28Z,ORCL,$ORCL thats not happening mcfly     You think POTUS is going to let chYna win robot 🤖 race 🌎 🏁     Orange 🍊 will back oracle DOD needs them national security.,Bullish,10691983,118
658689131,2026-07-09T18:47:32Z,ORCL,"$RUM $RDDT $ORCL Rumble&#39;s acquisition of Northern Data brings 9 data centers, 22k $NVDA GPUs and 300k CPUs with a book value of about $8 billion. The market cap of Rumble right now is $3 billion. Those 9 data centers bring in an estimated $800-880 million in revenue for year 1. Additionally, theres 2 more data centers currently under construction. The un-monetized power has an estimated revenue between $1.8 and $2 billion.",Bullish,8793375,247
658688941,2026-07-09T18:46:03Z,ORCL,$WULF $OKLO  Short  . . . Pumping before the Dumping  . . . what happens when they Halt construction of these AI Data Centers?  $META $ORCL,,145178,1082
658688483,2026-07-09T18:42:16Z,ORCL,$INTC $ORCL $QXO WE NEEDED BADLY,,9665129,98
658688105,2026-07-09T18:39:22Z,ORCL,$ORCL $ORCL bought here. In wallstreet land a down grade on an already beaten down company is your buy signal. Gotta know the insider baseball to win the game,Bullish,9409720,202
658688007,2026-07-09T18:38:35Z,ORCL,$ORCL load up guys to $160 by next week,,9690956,9
658687627,2026-07-09T18:35:26Z,ORCL,$ORCL bears 🐻 be warned ⚠️     All dips bought here now    Very,Bullish,10691983,118
658687585,2026-07-09T18:35:06Z,ORCL,"$ORCL   141.60$ would be great to load some more, any shorties willing to help us out in the next hour before we pump into close ?",,9651064,4
658687351,2026-07-09T18:33:16Z,ORCL,$ORCL buying all dips     Shorts 🐻  eviscerated     Bulls buying all dips 📱,Bullish,10691983,118
658687293,2026-07-09T18:32:49Z,ORCL,"$ORCL 🚨 Talks of S&amp;P Downgrade Just when it started to go, now dumps on that",,1332064,9402
658687161,2026-07-09T18:31:39Z,ORCL,$ORCL So $144-146 is a choppy consolidation area. There is huge positive GEX for $150 to $160 for next week. So most of the OI and volume is positive. Follow the market makers and options flow.,Bullish,9690956,9
658687107,2026-07-09T18:31:09Z,ORCL,$ORCL this S&amp;P downgrade not surprising. . If you attended the last ORCL earnings call and heard the 2 bozo co CEOs with their totally stupid answers to Wsll St analysts. Didn’t inspire any confidence. Or the new cfo who was like Mary who lost her lamb. And add that Ellison was MIA from the call after totally wrecking the company with his hubris and stupid decisions.,,44570,62
658687014,2026-07-09T18:30:27Z,ORCL,"$ORCL, tattoo it on Cortex: I run the show here. I don&#39;t engage in useless conversation. Next time, don&#39;t question me and mind your own business.     I know better than anyone on this planet what I’m doing. 😎👋 @deniler1",Bullish,8506678,3645
658686966,2026-07-09T18:30:03Z,ORCL,$ORCL not surprised a downgrade came out today after it finnally popped. Tutes and Shorts are trying to keep it down as long as possible until they cant anymore and it goes parabolic for a week or two,,10604118,22
658686910,2026-07-09T18:29:36Z,ORCL,$ORCL A solid power hour would be 😎 👌,Bullish,8186421,203
658686612,2026-07-09T18:27:14Z,ORCL,"$ORCL After all those upgrades that only pushed the stock lower, now comes a downgrade. Knowing Wall Street, these bastards will probably send it straight up.",Bullish,220759,1191
658686560,2026-07-09T18:26:49Z,ORCL,"$ORCL Bulls got trapped, FML",,11036341,1
658686157,2026-07-09T18:23:30Z,ORCL,$ORCL close above $146.,Bullish,220759,1191
658686120,2026-07-09T18:23:17Z,ORCL,"$ORCL It has 28 buy rating, no sell and Avg PT is $263! then sitting at 140 and a downgrade comes in to sell off! see u at 350 in 2027, let them play this stupid game for now",Bullish,3206571,208
658686057,2026-07-09T18:22:50Z,ORCL,$ORCL no way BlackRock allowes it to close under 145!,Bullish,1709607,135
658685988,2026-07-09T18:22:16Z,ORCL,$ORCL forming a inverted hammer on bottom. Potential reversal from here.,,703526,7
658685977,2026-07-09T18:22:10Z,ORCL,$ORCL downgraded to BBB  SHORT IT HEAVY SPARTANER,Bearish,10667266,56
658685958,2026-07-09T18:22:00Z,ORCL,$ORCL now bloddy S&amp;P is fucking is with downgrade. Fucking bastards,,9780202,3
658685891,2026-07-09T18:21:23Z,ORCL,$ORCL Traders&#39; hopium seems to be running out. LOL,,3450471,72
658685730,2026-07-09T18:20:13Z,ORCL,"$ORCL hell yeah, folks wil learn to take profit with this bitch",,8151790,489
658685688,2026-07-09T18:19:52Z,ORCL,$ORCL 200 calls exp Aug 21st,Bullish,3291347,77
658685687,2026-07-09T18:19:51Z,ORCL,$ORCL  heavy manipulation,,1204875,160
658685571,2026-07-09T18:19:00Z,ORCL,$ORCL credit rating doesn’t mean crap when RPO is 700B,Bullish,1709607,135
658685554,2026-07-09T18:18:53Z,ORCL,$ORCL can’t hold gains dam this is dead horse,,9993357,1
658685521,2026-07-09T18:18:40Z,ORCL,$ORCL trash,Bearish,9921849,9
658685462,2026-07-09T18:18:19Z,ORCL,"$ORCL downgrade, will finish red!",,7296014,43
658685257,2026-07-09T18:16:50Z,ORCL,$ORCL typical shit… wouldn’t be surprised if closes red,,5175686,8
658685109,2026-07-09T18:15:47Z,ORCL,$ORCL bring it Down to nothing....ohhhhhhhhh yeah this will RIP HARD.....EPIC DESTROYING INCOMING,Bearish,10667266,56
658685098,2026-07-09T18:15:40Z,ORCL,$ORCL lol forever turd,,11036341,1
658685077,2026-07-09T18:15:30Z,ORCL,$ORCL Are you fucking kidding me,,10527235,2
658685050,2026-07-09T18:15:17Z,ORCL,"$ORCL downgrade by s&amp;p? Really? Sure they came out today, fuckin rats. See you at 200++",Bullish,10470051,13
658684968,2026-07-09T18:14:42Z,ORCL,"$ORCL Most of the market is lifting upwards, this is tracing back a bit from the morning pop. Seems ok to me.",Bullish,8186421,203
658684896,2026-07-09T18:14:07Z,ORCL,$ORCL head fake to retest lows. Reversal not confirmed here,,831943,33
658684856,2026-07-09T18:13:49Z,ORCL,$ORCL Lifetime Short 🤟🏻🤟🏻🤟🏻🤟🏻🤟🏻😎,Bearish,10667266,56
658684724,2026-07-09T18:12:54Z,ORCL,$ORCL When i post Some Trade Some kids ask me to show then screen shot - here is the screen shot - We are visible on Option chain!     Join my Discord or not - But put your fact correct - I run the show here!,Bullish,8506678,3645
658684580,2026-07-09T18:11:49Z,ORCL,$ORCL  wtf,,1204875,160
658684446,2026-07-09T18:10:34Z,ORCL,$ORCL ready for a big squeeze,Bullish,10779401,340
658684399,2026-07-09T18:10:14Z,ORCL,$ORCL Here come the algos selling ORCL following that news of S&amp;P downgrading ORCL debt.,,44570,62
658684120,2026-07-09T18:08:21Z,ORCL,"$ORCL Goes Ex-dividend tomorrow, pays on the 24th",,4182108,6
658683969,2026-07-09T18:07:11Z,ORCL,$ORCL This company is jinxed. Can’t have a good day under this managment and Ellison’s reign. S&amp;P downgraded ORCL debt. What does this mean ? Now they got to pay more to lenders to get debt. Never dull. Never.,,44570,62
658683950,2026-07-09T18:07:02Z,ORCL,$ORCL an anyone explain the 146 wall?,,9181106,27
658683773,2026-07-09T18:05:37Z,ORCL,"$QQQ Hey guys, here is a list of EARLY OPTIONS that’s gonna start trading from 7:30am Monday July 13th til 4:15pm everyday. Some good companies. $BABA $MSFT $NFLX $ORCL",,9445741,250
658683749,2026-07-09T18:05:29Z,ORCL,$ORCL New Short Put ITM Started  collected $179918.13,Bullish,8506678,3645
658683524,2026-07-09T18:04:03Z,ORCL,"$ORCL is on fire today with AI and upgrade news driving a solid +3.17% move  Traders are piling into July calls, especially around $143 to $160 strikes  Spotted a 3,094-contract buy on the 7/17 $160C on InsiderFinance showing strong bullish sentiment for this month  But keep an eye on that massive Jan 2027 $125 put hedge with 3,000 contracts for $4.6M  Could be a sign of caution  If you&#39;re leaning long, defined-risk call spreads might be the safer play  Momentum is there but wait for a solid close above morning highs before getting too aggressive",,4012727,2214
658683340,2026-07-09T18:02:51Z,ORCL,$ORCL $150+ tomorrow hold,Bullish,10779401,340
658683168,2026-07-09T18:01:34Z,ORCL,"$ORCL is playing the same ugly setup as oil: break the (W)MA200 / (M)MA50 zone, retest from underneath, then fail.    That’s not strength. That’s supply showing up exactly where bulls needed acceptance.    Until price reclaims those MAs cleanly, this is a hard pass. Nothing changed.",,6986865,5
658683036,2026-07-09T18:00:35Z,ORCL,$ORCL OpenAI Chief Executive Sam Altman told CNBC that the startup&#39;s GPT-5.6 Sol AI model is 54% more efficient on agentic coding tasks than competing models and performs &quot;as good or better.&quot; OpenAI announced last night it would make the model widely available. The rollout was initially limited to a small group of customers at the request of the U.S. government.,,4683711,41
658682991,2026-07-09T18:00:21Z,ORCL,S&amp;P: Oracle Corp. Downgraded To &#39;BBB-/A-3&#39; From &#39;BBB/A-2&#39; On Rising Business Risk And Weaker Cash Flow; Outlook Stable    $ORCL     https://www.spglobal.com/ratings/en/regulatory/article/-/view/type/HTML/id/3592348,,130351,237753
658682877,2026-07-09T17:59:34Z,ORCL,$ORCL Why would you join my discord? - Keep watching Screen shot and enjoy $ 24771 Profit overnight,Bullish,8506678,3645
658682390,2026-07-09T17:55:58Z,ORCL,$ORCL we&#39;ll see 170 soon.,Bullish,1803948,112
658682279,2026-07-09T17:55:05Z,ORCL,$ORCL $PLTR Lmao,Bullish,220759,1191
658682034,2026-07-09T17:53:12Z,ORCL,"$NREDF $NRED.CSE $PLTR $ORCL $SNOW That&#39;s what I like to see less hype, more progress. 👀 Now it&#39;s about whether MetalCore can deliver value in the real world, not just in a press release. $NREDF",Bullish,11040960,1
658681191,2026-07-09T17:47:01Z,ORCL,$ORCL FOMO incoming,,5932479,34
658681011,2026-07-09T17:45:34Z,ORCL,$ORCL orcl,,6529743,3248
658680840,2026-07-09T17:44:19Z,ORCL,$ORCL when is next divi date?,,10209037,19
658680166,2026-07-09T17:38:53Z,ORCL,$ORCL will reflag 📈,Bullish,5906989,1570
658679873,2026-07-09T17:36:21Z,ORCL,$MSFT $ORCL $SPCX 🤘🏻,,999873,28
658679497,2026-07-09T17:33:19Z,ORCL,$ORCL DOOOOOOOOOOOOONT SELLLL!!! Let’s ride this til $200,Bullish,225115,57
658679447,2026-07-09T17:32:59Z,ORCL,$ORCL,Bullish,225115,57
658678779,2026-07-09T17:28:01Z,ORCL,$ORCL Symmetrical triangle pattern making the third touch at the lower boundary - bounce from here will push the price towards the upper boundary but first lets get 150,Bullish,5640246,1576
658678728,2026-07-09T17:27:35Z,ORCL,$ORCL over 150 and next stop is 175 sucka,Bullish,574044,1764
658677652,2026-07-09T17:18:41Z,ORCL,"$ORCL hmm anymore catalysts between now and next friday, other then dividend payment, but that technically ends today.",,5175686,8
658677612,2026-07-09T17:18:20Z,ORCL,$NOW “The Bulls are back in town!” 🎶🐂 $ORCL $HPE $CRWV,Bullish,6191347,441
658677518,2026-07-09T17:17:37Z,ORCL,$ORCL Dude imagine opening a short at $139 instead of a long. lmao,Bullish,3380571,2
658677517,2026-07-09T17:17:36Z,ORCL,$ORCL 152,Bullish,3097041,38
658677141,2026-07-09T17:14:35Z,ORCL,$ORCL goon close over $150 today obliterate shorts.    less than 1% chance open ai dont pay.    insanity to be short here.    im maxxed long goon make milly here.    jmo. nfa.    omly 1 frank google me,Bullish,8012914,35
658676939,2026-07-09T17:13:08Z,ORCL,$ORCL $175! In no time,Bullish,225115,57
658676737,2026-07-09T17:11:39Z,ORCL,$ORCL orange revolution bringing more partnership news to back stop OpenAi RPO. Get ready for the run to 200++. BlackRock is loading and selling puts to leverage the trade!,Bullish,1709607,135
658676721,2026-07-09T17:11:34Z,ORCL,$ORCL 150C next week - 30% stop,Bullish,601070,2256
658676437,2026-07-09T17:09:37Z,ORCL,$ORCL 150 CALL 7/17 @ 3.25  STOP LOSS BELOW $138 ON STOCK,,11010029,29
658676326,2026-07-09T17:08:43Z,ORCL,$ORCL     Christmas 🎄 in July 🎅     Very,Bullish,10691983,118
658676023,2026-07-09T17:06:25Z,ORCL,$ORCL all good 👍  to go 🚀,Bullish,10691983,118
658675982,2026-07-09T17:06:04Z,ORCL,$ORCL nothing but positive ✨️,Bullish,10691983,118
658675788,2026-07-09T17:04:18Z,ORCL,$ORCL Better gap.,Bullish,279712,15
658675474,2026-07-09T17:01:47Z,ORCL,$ORCL tomorrow all the gains will be given back to below $140,Bearish,241273,2313
658675457,2026-07-09T17:01:41Z,ORCL,$ORCL could be orange 🍊  news Friday after close,Bullish,10691983,118
658675301,2026-07-09T17:00:26Z,ORCL,$ORCL Trapping bears here 140.80-145.20,Bullish,6997651,143
658675110,2026-07-09T16:59:01Z,ORCL,"$ORCL It’s understandable many are going to want to trim a pop like that. For my situation, I spent entire chunks of 2024 and 2025 obsessing into all the little details about Oracle for entire weeks and months on end. That is a very steep hill to climb and this dunk on the price looks like a good long term hold to me.",Bullish,8186421,203
658674845,2026-07-09T16:57:04Z,ORCL,$ORCL I am long couldn’t care less. seems healthy to me,,10999732,9
658674414,2026-07-09T16:53:50Z,ORCL,$ORCL Getting dog walked into close.  No momentum.  Just a run of the mill dead cat bounce until proven otherwise.,,10489030,1
658674323,2026-07-09T16:53:13Z,ORCL,$ORCL last 10 minutes will be telling,,1125983,1
658674205,2026-07-09T16:52:10Z,ORCL,$ORCL going to bounce here. 160 next week,Bullish,4937511,36
658673533,2026-07-09T16:46:50Z,ORCL,$ORCL fucking turd,,11036341,1
658673070,2026-07-09T16:43:13Z,ORCL,"$ORCL I’m not selling covered calls anymore—not even the $165 expiring tomorrow. Wall Street loves dropping a surprise headline in the premarket or after hours right when everyone thinks the bottom is in. One 20% gap-up, and every covered call sold at the bottom gets taken away. I’ve learned that lesson the hard way before.  Let’s hold our shares tight and don’t be tricked by WS bastards.",Bullish,220759,1191
658672556,2026-07-09T16:39:38Z,ORCL,"$ORCL all this stock does is go down not sure why you guys are chasing the pump today, will find out soon",Bearish,5241685,8
658672200,2026-07-09T16:37:12Z,ORCL,"Here&#39;s what caught my attention about $NREDF.    At first, MetalCore looked like another AI idea tied to a mining company. Since then, the story has started to evolve.    The database has grown, more geological records have been added, and the platform is moving closer to real-world testing and user interaction.    That doesn&#39;t prove success, but it does show measurable progress. To me, that&#39;s a more meaningful development than simply talking about AI.    $NRED.CSE    $PLTR $ORCL $SNOW    NFA.",Bullish,10886543,1
658671823,2026-07-09T16:34:04Z,ORCL,"$RUM $ORCL $RDDT Market cap is $2.6  billion and we’re projecting upward of $3 billion in revenue from Northern Data acquisition in cloud GPU and power sales. Yet, not one Wall Street analyst is providing coverage yet. We should be a +$10 billion company already",Bullish,9764565,170
658671806,2026-07-09T16:33:54Z,ORCL,"$RUM $RDDT $ORCL This is a space race for chips and power access to win the AI race. Rumble just acquired 9 data centers, 22k $NVDA GPUs, 300k CPUs and 200 Megawatts of currently unmonetized power access. The 200 MW of power alone has a revnye value of $2 billion per year. RUM should easily be a $10-15 BILLION marketcap or $25-30 stock",Bullish,9764565,170
658670663,2026-07-09T16:25:57Z,ORCL,"$ORCL guys its simple  the call of walls is 145 then 150 , we need to close today above 145 to break the first wall  then 150 next target for tommorw . i bet we will close above 145",,11050925,0
658670188,2026-07-09T16:22:52Z,ORCL,$ORCL 152EOD,,5932479,34
658670033,2026-07-09T16:21:47Z,ORCL,$ORCL CNBC pushing rotation     Black Rock and JP Morgan BUYING ORACLE,Bullish,10691983,118
658669896,2026-07-09T16:20:51Z,ORCL,$ORCL Tutes WANT MORE oracle     Whales &amp; Tutes 🐋 🐳  eat in afternoons,Bullish,10691983,118
658669731,2026-07-09T16:19:42Z,ORCL,$ORCL press the buy button or you will be left behind. It’s that simple!,Bullish,1709607,135
658669425,2026-07-09T16:17:32Z,ORCL,$ORCL if you have dry powder it’s time to use it. Window is closing to buy under 150.,Bullish,1709607,135
658669228,2026-07-09T16:16:14Z,ORCL,$ORCL Watch the tape. The algos never stop. They’re just churning shares back and forth.  motherfucking algos,Bullish,220759,1191
658669217,2026-07-09T16:16:11Z,ORCL,"$ORCL what a turd can’t hold $149 , probably back to $142 before the close",,11036341,1
658668448,2026-07-09T16:10:56Z,ORCL,$ORCL join BlackRock for the ride to 200+ this is how the game is played by the big boys!!!,Bullish,1709607,135
658668326,2026-07-09T16:10:11Z,ORCL,"$ORCL is it just up today based on the motorcycle news, or is this just buy before dividend date and sell off tommorow?",,5175686,8
658668233,2026-07-09T16:09:35Z,ORCL,$ORCL 200++,Bullish,1709607,135
658668095,2026-07-09T16:08:39Z,ORCL,"$SBUX to use AI to create tools which could replace software packages from $MSFT $IBM &amp; $ORCL     Starbucks is building alternatives to a Microsoft system for inventory tracking, an IBM tool for asset maintenance mgmt &amp; POS system to replace Oracle Simphony (barristas have been working on this POS replacement for several years)    Some of the internally developed software could launch by the end of next year, subject to testing results    CTO: &quot;There&#39;s clear opportunities to reduce the spend in software&quot;    Starbucks spends $400M annually on software - the move is part of a broader turnaround effort to cut $2B in costs    Starbucks enterprise tech team is on track to reduce its budget by $30M this year - this includes cutting $10M in software spending &amp; saving another $13M mostly by reducing contractors from professional services firms    Starbucks has been encouraging tech workers to use AI, including factoring usage into their bonuses    Starbucks primarily partners w/ Microsoft Azure as its foundational cloud hyperscaler to power its global AI &amp; data infrastructure. Azure acts as the core infrastructure for Deep Brew, Starbucks&#39; proprietary enterprise AI engine. Azure connects retail IoT data (like smart espresso machines), predictive analytics, &amp; backend mgmt tool    $AMZN AWS powers the Starbucks Digital Flywheel, handling massive real-time scale for the mobile app, ordering pipelines, &amp; customer reward accounts    Computer-vision AI inventory tracking tools (historically backed by 3rd-party partnerships like NomadGo) were recently discontinued after frontline baristas found them prone to errors in messy, fast-paced store environments",,11403,44930
658667905,2026-07-09T16:07:29Z,ORCL,"$BMNR mnav NEVER BACK OVER 0.90  next under 0.70 🤣🤣🤣 FRAUD Lee will Lost everything this criminal BASTARD 🤣🤣🤡   $COIN $MSTR safest, absolutely safest Short hold ever.... SHORT INTEREST booooooooooooooooooom to ALL TIME HIGH.... ULTRAAAAAAAAAAAAAAAA RIP INCOMING....   $SNDK next short buy at 1990...  $ORCL SHORT HOLD EASY.... WILL TOUCH 52 WEEK LOW.....   SHORT EVERYTHING.... NEXT WEEK CPI.... ALL TIME LOWS AFTER ALL TIME LOWS INCOMING 😘😘😘😘😘😘😘😘😘😘😘😘😘😘  EASY HOLD SPARTANER...NE FEAR... SCAM TRASH CLOWN MUST BE DELISTING NOW👍🏻😎",Bearish,10667266,56
658667319,2026-07-09T16:03:26Z,ORCL,$ORCL holders after 11 straight sessions of red:,Bullish,5946646,12
658667306,2026-07-09T16:03:22Z,ORCL,"$ORCL Agree completely. The risk/reward here is heavily skewed to the upside if you use a tight stop just below 140. A 68% pullback has washed out a lot of the weak hands, and the underlying cloud infrastructure growth hasn&#39;t slowed down. With a 2.2 beta, if the macro environment gives it any tailwind, this third bounce off long-term support could launch a massive squeeze. Great spot to map out a long entry.",,4683711,41
658667196,2026-07-09T16:02:31Z,ORCL,$ORCL WEN Trending?,Bullish,1241589,189
658666301,2026-07-09T15:56:36Z,ORCL,$AMD and $ORCL top runners. Big things coming for these two into 2027,Bullish,9085698,307
658666153,2026-07-09T15:55:38Z,ORCL,$ORCL diverging from market a bit. HOW BEAUTIFUL. My only worry is a market wide reset of 5-10% and we follow suit. Don’t see that happening rn,,10999732,9
658666061,2026-07-09T15:54:58Z,ORCL,$ORCL this thing is going back to 145 at least. Question is will it be today at some point or after hours first thing tomorrow. They will make some bag holders here. Still bullish overall just trying to play it smart,Bullish,1127212,13
658665732,2026-07-09T15:52:43Z,ORCL,"$ORCL beautiful short entry, this is a gift, take it and run with it",Bearish,11044028,1
658664907,2026-07-09T15:47:10Z,ORCL,$ORCL it’s coming!!!,Bullish,1709607,135
658664712,2026-07-09T15:46:03Z,ORCL,$ORCL and this is one day. I got all year.,,10999732,9
658664591,2026-07-09T15:45:03Z,ORCL,$ORCL BlackRock is sending this to the moon.. watch how the game is played by the big boys!!,Bullish,1709607,135
658664446,2026-07-09T15:44:00Z,ORCL,$ORCL Iran war literally doesn’t mean shit anymore. The story is CAPEX and rotation. We will be a winner,,10999732,9
658664281,2026-07-09T15:42:51Z,ORCL,$ORCL Let’s push it to $150 close today,Bullish,9690956,9
658664265,2026-07-09T15:42:44Z,ORCL,$ORCL oh shit. If $SPY can launch past 752 we are heading for 150 no diff. AH gonna be hot I would bet on it. in fact i already have,,10999732,9
658664146,2026-07-09T15:41:57Z,ORCL,$ORCL BLACKROCK is loading 💯 they will take it to 200+. They have a long position and are also selling puts to leverage the crap out of their trade!!!,Bullish,1709607,135
658663935,2026-07-09T15:40:19Z,ORCL,$ORCL cross $150 going to $160 quick,Bullish,10520627,10
658663798,2026-07-09T15:39:21Z,ORCL,"$ORCL Networking, Optical, Neocloud strong today",,9566580,7
658663688,2026-07-09T15:38:28Z,ORCL,"$ORCL once it breaks $152, run to $200 wide open.",Bullish,6150791,13
658663673,2026-07-09T15:38:22Z,ORCL,$ORCL ahahaha where the little short bears. Greedy little boys,,10999732,9
658663634,2026-07-09T15:38:04Z,ORCL,$ORCL damn spot on $QQQ $SPY,,8151790,489
658663540,2026-07-09T15:37:18Z,ORCL,$ORCL When i say buy - Join the discord or keep watching profit Screen shot!,Bullish,8506678,3645
658663261,2026-07-09T15:35:13Z,ORCL,$ORCL This stock wants to head higher.  It&#39;s tired of being beat down so badly (NFA).,Bullish,11010506,1
658663243,2026-07-09T15:35:02Z,ORCL,"$ORCL we just need $155 by tomorrow, it isn’t exactly an outrageous target. It’s actually a pretty modest one.",Bullish,220759,1191
658663130,2026-07-09T15:34:07Z,ORCL,$ORCL Oracle is now Motorsport AI   Idk what to do with this but looks cool let’s roll with it. 😎 🏍️,Bullish,8186421,203
658662968,2026-07-09T15:32:59Z,ORCL,$ORCL I believe black rock is loading up that guy on CNBC yesterday seem to hint towards it,,4683711,41
658662828,2026-07-09T15:31:59Z,ORCL,$ORCL still loading with plenty of room to run!,Bullish,1709607,135
658662818,2026-07-09T15:31:52Z,ORCL,$ORCL Adding for any pull back. 200+ by EOY,Bullish,10090574,53
658662753,2026-07-09T15:31:31Z,ORCL,$ORCL @JDKING   Likely bottom confirmation,,4354017,393
658662267,2026-07-09T15:28:21Z,ORCL,"$ORCL talked the wife into buying the dip, now she got a better average than me…. 😑",Bullish,6191347,441
658662163,2026-07-09T15:27:35Z,ORCL,$ORCL build it and they will come… see you at 200++,Bullish,1709607,135
658661836,2026-07-09T15:25:10Z,ORCL,$ORCL RETAIL buying the sh!t out of oracle!    My kids high-school janitor BUYING oracle dip on his apple phone apps so easy.  📱     BUY DIP ORACLE 🚀💪🤖🔋😎🍊 $spY $spcX,Bullish,10691983,118
658661565,2026-07-09T15:22:57Z,ORCL,"$ORCL How I see it. Notice volume pulling up after earnings drop I&#39;ve been watching carefully over the month, money rotation from AI hardware also possible. If any retail investor still out there 🥲",Bullish,9566580,7
658661549,2026-07-09T15:22:47Z,ORCL,$ORCL buy the oracle dip.  This is sitting at the bottom.   What more of a dip do you want to buy?     BUY BUY BUY ORACLE 🚀 $SPY $SPCX,Bullish,10691983,118
658661134,2026-07-09T15:19:34Z,ORCL,$ORCL OVERSOLD EXTREMELY OVERSOLD,Bullish,10691983,118
658660798,2026-07-09T15:16:56Z,ORCL,$ORCL,Bullish,5906989,1570
658660692,2026-07-09T15:16:11Z,ORCL,$ORCL shorts are cooked,Bullish,9552340,5
658660689,2026-07-09T15:16:10Z,ORCL,"$ORCL If the bottom is confirmed, this is an all-in kind of opportunity.",Bullish,220759,1191
658660427,2026-07-09T15:14:18Z,ORCL,"$ORCL when this crosses the 20 day, it will pop. Not a ? Of if just when. Still a great entry point. $200 easy EOY",Bullish,5546794,20
658660247,2026-07-09T15:13:02Z,ORCL,$ORCL 🤘🏽🤘🏽🤘🏽🤘🏽🤘🏽🤘🏽,Bullish,6191347,441
658660227,2026-07-09T15:12:50Z,ORCL,$ORCL cool off a lil,,6196169,34
658660211,2026-07-09T15:12:42Z,ORCL,"$ORCL 145 retest successful ,can’t ask for more",Bullish,5480234,20
658659608,2026-07-09T15:08:28Z,ORCL,"$ORCL One year view shows triple bottom. Was very resilient last couple days, bouncing off lows.",Bullish,5628498,100
658659382,2026-07-09T15:06:55Z,ORCL,$ORCL breakout today bargain hunting if not short squeeze,Bullish,9566580,7
658659260,2026-07-09T15:06:05Z,ORCL,$ORCL if u listened to me this last week and not all the doomers you would be winning. feel bad for the idiots who sold at 140&lt;,,10999732,9
658658743,2026-07-09T15:02:24Z,ORCL,$ORCL its stuck not moving     About to go parabolic up,Bullish,10691983,118
658658458,2026-07-09T15:00:35Z,ORCL,$ORCL they will give a taste of what is to come. Have cash available and trade safe. ✅,Bullish,5906989,1570
658658361,2026-07-09T14:59:59Z,ORCL,"$SBUX So assuming Starbucks software team can prove themselves better than $MSFT $ORCL $IBM , it creates a &quot;potential&quot; savings of $400 million no earlier than FY 2028, and the stock is up 3.5 Billion here today in mid 2026.  Possibly a bit of an overreaction...lol",Bearish,3367143,17
658658250,2026-07-09T14:59:03Z,ORCL,$ORCL     This is looking really solid for the long swing here    LEAP CALLS too expensive so going with sizing commons and some $ORCU,,1736947,19453
658658169,2026-07-09T14:58:23Z,ORCL,$ORCL here is second-level trading data. Watching the tape is more entertaining than the price itself. It feels like the algos are trading with each other while retail just watches from the sidelines. 100% Algos is manipulating the waves.,Bullish,220759,1191
658657707,2026-07-09T14:55:10Z,ORCL,$ORCL nice pump and dump by scam street,,11036341,1
658657626,2026-07-09T14:54:41Z,ORCL,"$ORCL I take 3 % per day, for the next 30 days.",Bullish,8179467,15
658657624,2026-07-09T14:54:41Z,ORCL,$ORCL ride to $130-$120 then $170 😎🤪🚀,,4440658,938
658657063,2026-07-09T14:51:07Z,ORCL,"Oracle $ORCL  has pulled back over 68% in the last 10 months, but during that stretch it has found consistent support just below the 140 mark. Also, in that same area is a long-term trend-line that goes back to late &#39;23, that is being retested for the third time, which each of the two preceding times leading to significant bounces higher. From a risk standpoint, this is a stock that has certainly fallen out of favor with investors, but should this support hold, could lead to a nice squeeze higher. High risk trade though as the volatility has been extreme with this stock and has a beta over 2.2.",,32071,105047
658657049,2026-07-09T14:51:01Z,ORCL,$ORCL The daily candle this is about to put up will look disgusting,,10527235,2
658656922,2026-07-09T14:50:14Z,ORCL,"$ORCL if it holds 145, we’re in a very good spot",,10932575,1
658656721,2026-07-09T14:48:53Z,ORCL,$ORCL What are shorts after here? It&#39;s bottomed.. give it up. Trying to squeeze blood from a stone now. Go long and when its time to short again than go short.,Bullish,9085698,307
658656708,2026-07-09T14:48:46Z,ORCL,$ORCL bleeding has stopped,Bullish,4855037,22
658656430,2026-07-09T14:46:58Z,ORCL,"Biggest rallies tend to happen while price is still below the 200-day MA.    Saw it in $BABA, now watching the same setup build in $ORCL.",,6986786,11
658656022,2026-07-09T14:44:26Z,ORCL,$ORCL clearly going up higher,Bullish,10691983,118
658655897,2026-07-09T14:43:28Z,ORCL,$ORCL $165.00+ will be a good way to end the week….🇺🇸 Make it happen!!,Bullish,6191347,441
658655708,2026-07-09T14:42:15Z,ORCL,$ORCL bought a couple 750 spy calls at 746 thats just 2x as well,,10999732,9
658655608,2026-07-09T14:41:37Z,ORCL,$ORCL bouta fly told yall that 748 resistance was key. we move for the gap up to 750/150,,10999732,9
658655092,2026-07-09T14:38:12Z,ORCL,$ORCL over $150 by end of day,Bullish,6150791,13
658654953,2026-07-09T14:37:22Z,ORCL,$QQQ $SPY $ORCL   Target 300.,Bullish,10625146,49
658654884,2026-07-09T14:36:53Z,ORCL,"Even though I took profits on my Oracle calls, I still think the stock has room to move higher, potentially toward $170. At these levels, shares may not be a bad idea.🤔    $ORCL $QQQ $SPY",,2731693,442
658654813,2026-07-09T14:36:24Z,ORCL,$ORCL watch over $150,,962572,108579
658654408,2026-07-09T14:33:56Z,ORCL,$AMD and $ORCL I&#39;m putting my money on these go huge into 2nd half of 2026 and into 2027.  https://www.amd.com/en/newsroom/press-releases/oracle-and-amd-expand-partnership-to-help-customers-ach.html,Bullish,9085698,307
658654396,2026-07-09T14:33:48Z,ORCL,$ORCL Back test held. Earnings season upon us. They&#39;re done selling. They&#39;ll Park this above 160 soon. Easy money.,,10581109,18
658654371,2026-07-09T14:33:40Z,ORCL,$ORCL imagine another red day,,1436664,385
658654311,2026-07-09T14:33:20Z,ORCL,"$ORCL in 4-5 months at this price you will be getting a steal, don&#39;t lett the MM play you.",Bullish,6150791,13
658653837,2026-07-09T14:30:32Z,ORCL,"Here&#39;s the part I&#39;m watching most with $NREDF.  MetalCore has an ambitious vision, but the real test is whether its growing database can translate into useful insights, active users, and long-term value.    That&#39;s a fair question to ask.  The encouraging part is that the platform now holds more than 4.1 million records and is moving toward real-world user onboarding.    If that transition goes well, the narrative could shift from an AI concept to a platform with practical applications.  There&#39;s no guarantee it happens.  That&#39;s exactly why I&#39;m paying attention now.    $NRED.CSE    $PLTR $MSFT $ORCL    NFA.",Bullish,11035665,2
658653809,2026-07-09T14:30:23Z,ORCL,"$ORCL +5.48% today. Picked up calls and shares yesterday. The more I dug into it while writing, the more it felt like a spot to buy, so I ended up taking the trade mid-write.    $NOK",,6987667,4
658653766,2026-07-09T14:30:07Z,ORCL,$ORCL 748 on spy is a key inflection point watch there,,10999732,9
658653706,2026-07-09T14:29:47Z,ORCL,"$ORCL +5.48% today. Picked up calls and shares yesterday. The more I dug into it while writing, the more it felt like a spot to buy, so I ended up taking the trade mid-write.    $NOK",,6987674,11
658653404,2026-07-09T14:27:57Z,ORCL,$ORCL spy 750 and we go 150,,10999732,9
658653180,2026-07-09T14:26:34Z,ORCL,"$ORCL  Can anyone share the current call price for the oracle December 18, 2026?",,9087682,20
658653139,2026-07-09T14:26:23Z,ORCL,$ORCL resistence here,,947822,54
658653086,2026-07-09T14:26:02Z,ORCL,$ORCL shits about to go parabolic not paraplegic,,10999732,9
658653012,2026-07-09T14:25:42Z,ORCL,$ORCL $COIN $SNDK All Time FRAUD All Time Short 🤣🤣🤣🤣  fucking easy ..... EVERY FKING DAY,Bearish,10667266,56
658652861,2026-07-09T14:24:53Z,ORCL,$ORCL don’t fucking sell until $200 simple,Bullish,225115,57
658652676,2026-07-09T14:23:52Z,ORCL,"Solid day today. Captured a 78% gain on Oracle and about 35% on Intel calls from the alert I sent two days ago. This was a swing trade, and I treated it as one.  $INTC $ORCL $QQQ $SPY",,2731693,442
658652483,2026-07-09T14:22:56Z,ORCL,$ORCL oversold . Time to get in,Bullish,9579534,25
658652469,2026-07-09T14:22:52Z,ORCL,$ORCL This dog shit might actually go red,,10527235,2
658652418,2026-07-09T14:22:38Z,ORCL,$ORCL stocktwits full of retards. crazy that i was asleep until 10:15 for my day off. would have sold and rebought this pop but oh well,,10999732,9
658652395,2026-07-09T14:22:29Z,ORCL,$ORCL $155,,1356902,178
658652333,2026-07-09T14:22:09Z,ORCL,$ORCL down trend not broken yet. Huge rejection at reistance,,831943,33
658652263,2026-07-09T14:21:47Z,ORCL,$ORCL so thats it? back down for the rest of the day? These 4 hour timeframe reversals are some crazy work.,,3986123,24
658651984,2026-07-09T14:20:21Z,ORCL,$ORCL,Bullish,10691983,118
658651921,2026-07-09T14:20:03Z,ORCL,$ORCL $147 hit now $130-$120 next week as spy goes $730😎🚀,,4440658,938
658651860,2026-07-09T14:19:44Z,ORCL,$ORCL unfortunately what goes up must come down with Oracle. It’s just the way it is at the moment and it won’t change until we see a strong catalyst,,7296014,43
658651843,2026-07-09T14:19:36Z,ORCL,$ORCL dang,,947822,54
658651836,2026-07-09T14:19:34Z,ORCL,$ORCL cant hold any gains trash af,,10365683,74
658651791,2026-07-09T14:19:15Z,ORCL,$ORCL $143?,,2880463,13
658651742,2026-07-09T14:18:58Z,ORCL,$ORCL LOL back down,,10365683,74
658651740,2026-07-09T14:18:58Z,ORCL,$ORCL what a good 5 mins that was. Back to 140 now?,,10932575,1
658651327,2026-07-09T14:16:46Z,ORCL,$ORCL thank you for your contribution 📈🔥,Bullish,2997822,175
658651252,2026-07-09T14:16:25Z,ORCL,$INTC $ORCL $QXO we needed to cross again 30000 mark in nasdaq futures and don&#39;t came back again,Bullish,9665129,98
658651173,2026-07-09T14:16:02Z,ORCL,$ORCL at what level we suppose to buy again ?,Bullish,2880463,13
658651096,2026-07-09T14:15:38Z,ORCL,$ORCL Have a sinking feeling that was my last chance to get out,,10527235,2
658650987,2026-07-09T14:14:59Z,ORCL,$AMD $ORCL Q3 2026 and into 2027 powerhouse players building here.  https://www.amd.com/en/newsroom/press-releases/oracle-and-amd-expand-partnership-to-help-customers-ach.html  $AMKR $RXT $RKTO,Bullish,9085698,307
658650736,2026-07-09T14:13:31Z,ORCL,"$ORCL  Cash Divi of $0.50 with ex-date July 10, 2026 !!!  Hope you all did not buy today due to the divi.  People might dump tomorrow as DIVI Play.  GLTA.",,1673505,92
658650714,2026-07-09T14:13:23Z,ORCL,$ORCL good,Bullish,1659783,218
658650664,2026-07-09T14:13:08Z,ORCL,$ORCL hardly any resistance on the upside here. Just need buyers.,Bullish,4328349,28
658650618,2026-07-09T14:12:54Z,ORCL,$ORCL Good pop. I don’t see a reason to sell. I’m going to let it run.,Bullish,8186421,203
658650513,2026-07-09T14:12:17Z,ORCL,$ORCL I told you fuckers,Bullish,225115,57
658650506,2026-07-09T14:12:15Z,ORCL,$ORCL LET’S CLOSE ABOVE $150. Bagholders have endured enough pain. They deserve a real bounce from the bottom.,Bullish,220759,1191
658650338,2026-07-09T14:11:16Z,ORCL,$ORCL ts better not go under 145,,10940221,0
658650318,2026-07-09T14:11:10Z,ORCL,$ORCL well that didn’t last long,,9819994,22
658650241,2026-07-09T14:10:47Z,ORCL,"$AMD We need to hold $546.60 and then break over $562 to retest $584 with possible run to $602.  $ORCL We need over $160. Still too cheap to sell. Loading in anticipation of the AMD MI400 deal for 50,000 GPU&#39;s Q3 2026 into 2027  $ONDS In bulls possession now, time to run over $8 and then $8.30",Bullish,9085698,307
658650220,2026-07-09T14:10:39Z,ORCL,$ORCL turd isnt even giving us 5%,Bullish,3695039,32
658650198,2026-07-09T14:10:32Z,ORCL,$ORCL back down we go,,10365683,74
658650061,2026-07-09T14:09:50Z,ORCL,Opened 50 $ORCL  160C 07/17 @ $1.83 (Actual Cost: $1.83),,11026137,29
658649968,2026-07-09T14:09:20Z,ORCL,$ORCL needs to stay above 152.50,Bullish,337985,165
658649867,2026-07-09T14:08:44Z,ORCL,$ORCL will it hold?,,10365683,74
658649569,2026-07-09T14:07:10Z,ORCL,$ORCL are we done for the day,,9819994,22
658649486,2026-07-09T14:06:46Z,ORCL,$ORCL Some people are getting trapped by this fake out. under 52WL soon,Bearish,4059766,22
658649260,2026-07-09T14:05:36Z,ORCL,"$ORCL If this bottom holds and the reversal is real, the move now isn’t to sell—it’s to buy back what you trimmed and add if you’re underweight. Don’t let Wall Street trick you into selling your shares at what could be a historic bottom.",,220759,1191
658649107,2026-07-09T14:04:47Z,ORCL,$ORCL close the market for the day.  NOW.,,6037267,3
658649028,2026-07-09T14:04:27Z,ORCL,$ORCL BULL train steam 😎 💪,Bullish,10691983,118
658648986,2026-07-09T14:04:13Z,ORCL,$ORCL FINALLY A GOOD DAY.  I can&#39;t wait for the 5-10% selloff that sends us back to the doghouse this afternoon,,10328982,0
658648975,2026-07-09T14:04:09Z,ORCL,"$ORCL 150 will resist a bit, but once it breaks oh help me god!",Bullish,6997651,143
658648903,2026-07-09T14:03:49Z,ORCL,$ORCL woop!,,10581109,18
658648682,2026-07-09T14:02:40Z,ORCL,$ORCL is on fire 🔥 today $NOW $CRWV $IREN   I see $ORCL running back above $200 in the next 60 days.,Bullish,6138273,139
658648592,2026-07-09T14:02:18Z,ORCL,$ORCL,,451828,11
658648461,2026-07-09T14:01:43Z,ORCL,"$ORCL It looks like the market, Wall Street, and retail investors all see $138 as an absolute floor that shouldn’t be broken. If we reclaim $150, that would go a long way toward confirming the bottom is in.",Bullish,220759,1191
658648460,2026-07-09T14:01:43Z,ORCL,$ORCL king 🤴 👑 of Ai 🤖 🔋,Bullish,10691983,118
658648409,2026-07-09T14:01:30Z,ORCL,$DJT $ORCL $TSLA https://www.youtube.com/shorts/4eGEaHC41wo,,10750919,69
658648223,2026-07-09T14:00:38Z,ORCL,$ORCL,Bullish,3149905,500
658648120,2026-07-09T14:00:09Z,ORCL,$ORCL got me some 142c exp 7/10. What PT yall think for a lil guy like me?,,3097041,38
658648072,2026-07-09T13:59:56Z,ORCL,$ORCL someone always knows,,6933672,180
658648063,2026-07-09T13:59:54Z,ORCL,$ORCL BOOOOOOOOOOM,,10365683,74
658648016,2026-07-09T13:59:39Z,ORCL,$ORCL 30 days of green 💚  dont sell    Party just started,Bullish,10691983,118
658647839,2026-07-09T13:58:46Z,ORCL,$ORCL NEVER DOUBT A WOMAN WITH A BIG BOOTY  GOD SPEED,Bullish,8532703,71
658647789,2026-07-09T13:58:34Z,ORCL,$ORCL Trump finally hooking his boy Larry Ellison up with more defense contracts! Love it!,Bullish,1212559,257
658647778,2026-07-09T13:58:30Z,ORCL,$ORCL pretty sexy now,Bullish,574044,1764
658647777,2026-07-09T13:58:29Z,ORCL,$ORCL simply up,Bullish,11051355,3
658647702,2026-07-09T13:58:04Z,ORCL,$ORCL best seat in the house,Bullish,6805489,44
658647672,2026-07-09T13:57:54Z,ORCL,$ORCL see you at 300++,Bullish,1709607,135
658647639,2026-07-09T13:57:43Z,ORCL,$ORCL 🤑,Bullish,999873,28
658647620,2026-07-09T13:57:38Z,ORCL,$ORCL looking good!,Bullish,1709607,135
658647607,2026-07-09T13:57:35Z,ORCL,"$ORCL up 3.5% today, joining the green tape.    Clean momentum move, likely riding broader risk-on flow.    Watching if buyers can keep it above this push or if it fades into the close.",,6986786,11
658647514,2026-07-09T13:57:08Z,ORCL,$ORCL $TSLA ISRAEL is behind all this... spying on you with apps &amp; malware !!     https://www.youtube.com/shorts/i1MFq1eiySA,,10750919,69
658647454,2026-07-09T13:56:53Z,ORCL,$AMD $RKTO $RXT $ORCL,Bullish,9085698,307
658647426,2026-07-09T13:56:45Z,ORCL,$ORCL https://simplywall.st/stocks/us/software/nyse-orcl/oracle/news/oracle-orcl-expands-defense-ecosystem-with-new-ai-and-cloud,Bullish,1212559,257
658647317,2026-07-09T13:56:09Z,ORCL,"$ORCL hit daily oversold near $130, with flow backing the move.    $ORCL 07/31 $147 calls were bought at 4.00 and are now trading 9+.    $ANET looks like the next name to watch.",,11005234,7
658647041,2026-07-09T13:54:41Z,ORCL,$ORCL it’s alive,Bullish,10911113,18
658646925,2026-07-09T13:54:09Z,ORCL,$ORCL only getting started $150+ by end of day!!,Bullish,6150791,13
658646895,2026-07-09T13:54:00Z,ORCL,$ORCL Whats the news?,,10593429,14
658646832,2026-07-09T13:53:38Z,ORCL,$ORCL ex div day tomorrow.,Bullish,3308348,12
658646830,2026-07-09T13:53:38Z,ORCL,$ORCL not today,Bullish,749053,23
658646782,2026-07-09T13:53:20Z,ORCL,$ORCL get ready for the big time!,Bullish,1709607,135
658646740,2026-07-09T13:53:10Z,ORCL,$ORCL can we go to 149 level??,,9665129,98
658646718,2026-07-09T13:53:04Z,ORCL,$ORCL Larry is my daddy!!!,Bullish,1146065,519
658646704,2026-07-09T13:53:01Z,ORCL,$ORCL it’s coming!!!,Bullish,1709607,135
658646700,2026-07-09T13:53:00Z,ORCL,$ORCL Big move is coming here,Bullish,6110808,282
658646641,2026-07-09T13:52:43Z,ORCL,$ORCL finally starting to understand the value and positioning!,Bullish,1709607,135
658646617,2026-07-09T13:52:38Z,ORCL,$ORCL 💰,Bullish,8186421,203
658646560,2026-07-09T13:52:25Z,ORCL,$ORCL looks like Larry made a call from his Yacht.,,10581109,18
658646548,2026-07-09T13:52:23Z,ORCL,$ORCL could gap up to $170 by Friday,,749053,23
658646376,2026-07-09T13:51:25Z,ORCL,$ORCL Look at Jesus! God’s Glory!!! 🙌🏻🕊️🙏🏻💪🏻,Bullish,3050349,63
658646358,2026-07-09T13:51:21Z,ORCL,$ORCL I&#39;m ready to be hurt again,,10527235,2
658646294,2026-07-09T13:51:03Z,ORCL,$ORCL watch it melt away in the next few minutes in true oracle fashion 😵‍💫,,7296014,43
658646190,2026-07-09T13:50:33Z,ORCL,$ORCL oh this junk better not go red,,4128848,205
658646189,2026-07-09T13:50:33Z,ORCL,$ORCL I&#39;ll sell at 350$,Bullish,11037694,1
658646161,2026-07-09T13:50:23Z,ORCL,$ORCL FOMO and momentum will move ORCL past 150+ by eod!!,Bullish,1709607,135
658646159,2026-07-09T13:50:23Z,ORCL,$ORCL 🎯,,4440658,938
658646021,2026-07-09T13:49:44Z,ORCL,$ORCL do a 20% like nbis,,4128848,205
658646003,2026-07-09T13:49:38Z,ORCL,$ORCL just getting warmed up.. see you at 200++,Bullish,1709607,135
658645995,2026-07-09T13:49:36Z,ORCL,$ORCL wtf happened!,Bullish,10996837,3
658645844,2026-07-09T13:48:56Z,ORCL,$ORCL Thanks god,Bullish,10898579,2
658645837,2026-07-09T13:48:53Z,ORCL,$ORCL ayooo 🤣🤣😭😭🤣🤣,Bullish,10494414,20
658645812,2026-07-09T13:48:48Z,ORCL,$ORCL Strong move up off support  https://share.trendspider.com/chart/ORCL/6682dkb4lt,Bullish,178225,60619
658645771,2026-07-09T13:48:36Z,ORCL,$ORCL LETS GO!,Bullish,111645,38
658645725,2026-07-09T13:48:25Z,ORCL,$ORCL A week of pain wiped out in 15 mins,Bullish,813731,164
658645713,2026-07-09T13:48:21Z,ORCL,$ORCL Watch her go:) lol,,3962558,143
658645661,2026-07-09T13:48:04Z,ORCL,$ORCL,Bullish,10691983,118
658645608,2026-07-09T13:47:50Z,ORCL,"$ORCL just in time for ex-dividend date. It feels like Christmas, gifts are on the way 🎁",Bullish,1212559,257
658645597,2026-07-09T13:47:47Z,ORCL,$AMD that $ORCL partnership gaining attention. I guess that $138 was good buys. I didnt buy enough!,Bullish,9085698,307
658645535,2026-07-09T13:47:26Z,ORCL,$ORCL about damn time holy fuck...190 DTE on my $200 calls...and 5 shares at an average of $140.21. Please please please let me survive this so I can be a normal person and buy shares instead of options,,10604118,22
658645411,2026-07-09T13:46:44Z,ORCL,$ORCL i put 5% of my port in this at 139 the other day. this is a sick start! my thesis is ellison + data centers = long term winner.,,6168997,12
658645291,2026-07-09T13:46:10Z,ORCL,$ORCL,Bullish,6191347,441
658645170,2026-07-09T13:45:40Z,ORCL,$ORCL well it bounced.  We got saved,Bullish,187279,947
658645114,2026-07-09T13:45:25Z,ORCL,$ORCL to the moon,Bullish,11037048,2
658645104,2026-07-09T13:45:23Z,ORCL,$ORCL any news?,,220759,1191
658645029,2026-07-09T13:44:55Z,ORCL,$ORCL the way this stock rallies on absolutely no news is bothersome and comforting.,,749053,23
658645014,2026-07-09T13:44:51Z,ORCL,$ORCL finally,,3765681,0
658645012,2026-07-09T13:44:50Z,ORCL,"$ORCL a 350$ stock trading at this ridiculous prices...ai wins, Oracle wins... software wins , oracle wins...most undervalued stock by far",Bullish,11037694,1
658644782,2026-07-09T13:43:46Z,ORCL,$ORCL $150/$178,Bullish,5906989,1570
658644777,2026-07-09T13:43:45Z,ORCL,$ORCL bullish very 🍊,Bullish,10691983,118
658644665,2026-07-09T13:43:11Z,ORCL,$ORCL Your welcome bros...,Bullish,365973,357
658644662,2026-07-09T13:43:11Z,ORCL,$ORCL,Bullish,10691983,118
658644608,2026-07-09T13:42:58Z,ORCL,$ORCL yes squeeze!! News coming!!,Bullish,4309391,44
658644531,2026-07-09T13:42:33Z,ORCL,$ORCL up 70%!,Bullish,9394056,1651
658644465,2026-07-09T13:42:12Z,ORCL,"$ORCL Oracle&#39;s most recent quarterly dividend of $0.50 per share had an ex-dividend date of July 10, 2026. 🤔",,3786458,92
658644321,2026-07-09T13:41:22Z,ORCL,"$ORCL keep it, we’ll serve you well.",Bullish,5906989,1570
658644171,2026-07-09T13:40:42Z,ORCL,$ORCL wondering how much of the $PSKY news has to do with orcl being up today,,3091971,6
658644072,2026-07-09T13:40:12Z,ORCL,$ORCL 139 avg,Bullish,4486311,83
658644040,2026-07-09T13:40:03Z,ORCL,"$ORCL Decouple from software, rally with the chip side. If software comes back, that’s an additional boost. Win-win situation.",Bullish,9181083,112
658643982,2026-07-09T13:39:44Z,ORCL,$ORCL best market value in the Ai trade.. see you at 200++,Bullish,1709607,135
658643960,2026-07-09T13:39:38Z,ORCL,$ORCL whats the news on the vols?,,1952842,2704
658643956,2026-07-09T13:39:35Z,ORCL,$ORCL shorts have to panic buy,Bullish,224065,837
658643885,2026-07-09T13:39:16Z,ORCL,$ORCL good start.,,8819942,55
658643708,2026-07-09T13:38:31Z,ORCL,$ORCL lets hope this holds🤞🏼,Bullish,10940221,0
658643686,2026-07-09T13:38:24Z,ORCL,$ORCL congratulations on your ORCL shares purchase,,7331710,13
658643685,2026-07-09T13:38:24Z,ORCL,$ORCL strong,Bullish,900419,210
658643682,2026-07-09T13:38:24Z,ORCL,$ORCL just getting started… see you at 200++,Bullish,1709607,135
658643615,2026-07-09T13:37:59Z,ORCL,$ORCL need a +10% at a minimum lol,Bullish,3695039,32
658643607,2026-07-09T13:37:57Z,ORCL,"$ORCL let&#39;s go for 150 and then we get a confirmed trend change    looking strong for now, fingers crossed.",Bullish,9238392,168
658643594,2026-07-09T13:37:54Z,ORCL,$ORCL those 144 calls I bought yesterday are printing,Bullish,736545,111
658643593,2026-07-09T13:37:54Z,ORCL,$ORCL news this morning,Bullish,2975898,443
658643591,2026-07-09T13:37:54Z,ORCL,$ORCL 🚀🚀,,4440658,938
658643549,2026-07-09T13:37:42Z,ORCL,$ORCL wut,Bullish,504175,97
658643523,2026-07-09T13:37:35Z,ORCL,$ORCL,Bullish,5906989,1570
658643509,2026-07-09T13:37:31Z,ORCL,$ORCL   The daily chart is showing a bullish reversal. bottomed in,,220759,1191
658643502,2026-07-09T13:37:29Z,ORCL,$ORCL about time!!  … see you at 200++,Bullish,1709607,135
658643494,2026-07-09T13:37:27Z,ORCL,$ORCL here&#39;s the first consolidation bounce!,,10581109,18
658643463,2026-07-09T13:37:19Z,ORCL,$ORCL YESSIR LETS GO,Bullish,10940221,0
658643434,2026-07-09T13:37:13Z,ORCL,$ORCL 💥,Bullish,1952842,2704
658643382,2026-07-09T13:36:55Z,ORCL,$ORCL,Bullish,5906989,1570
658643363,2026-07-09T13:36:49Z,ORCL,$ORCL     In starter,Bullish,1736947,19453
658643227,2026-07-09T13:36:02Z,ORCL,$ORCL Up Up,Bullish,10320058,10
658643221,2026-07-09T13:36:01Z,ORCL,$ORCL Told you. Send it!,Bullish,1212559,257
658643092,2026-07-09T13:35:18Z,ORCL,$ORCL LFG,,10494414,20
658643027,2026-07-09T13:34:58Z,ORCL,$ORCL is ripping 🔥,Bullish,2975898,443
658642992,2026-07-09T13:34:47Z,ORCL,$AMD $ORCL,Bullish,9085698,307
658642954,2026-07-09T13:34:35Z,ORCL,$ORCL now this is pod racing!,,3091971,6
658642915,2026-07-09T13:34:20Z,ORCL,"Oracle $ORCL saw its score climb from 71 to 77 while the stock sits at minus 27.1% on the year, the model growing more convinced on cascade exposure as the tape moves the other way. The market is still sorting AI infrastructure into must-have and maybe-later buckets, and Oracle keeps landing in the first pile on improving news sentiment. The rating is BUY. The invalidation is simple: if the broader AI capex cycle rolls over, even must-have names get marked down with the rest.",,11004845,0
658642830,2026-07-09T13:33:51Z,ORCL,$ORCL 1k MORE Short SHARES...will close at 137....🤟🏻🤟🏻🤟🏻,Bearish,10667266,56
658642206,2026-07-09T13:29:56Z,ORCL,"$ORCL Expecting a waterfall in 3,2,1...",,10527235,2
658642116,2026-07-09T13:29:21Z,ORCL,$ORCL - you would think one of these worthless idiot firms would upgrade $ORCL stock.  The stock goes from $250 to $140 and their opinion doesn&#39;t change??,Bullish,224065,837
658642002,2026-07-09T13:28:40Z,ORCL,$ORCL Fuck it. Ill short at open. This cant get out of its own way. Stop loss $149.99 for a max pain of 63K.    There is always Charter to make money back.,Bearish,10793336,14
658641855,2026-07-09T13:27:47Z,ORCL,$ORCL,,10793336,14
658641797,2026-07-09T13:27:24Z,ORCL,$ORCL Already showing weakness. Thinking about shorting it in the morning.. will post my trade here.,Bearish,10793336,14
658641673,2026-07-09T13:26:27Z,ORCL,$ORCL too many bulls here…,,992565,39
658641567,2026-07-09T13:25:35Z,ORCL,"My advice for July 9th:    $AAPL- Don’t buy  $ORCL- Don’t buy  $INTC - Buy at $105-$110  $TSLA - Buy at $385-$392    The best trades usually come from sticking to your levels, not your emotions.     The next list is about to be released!  Are you going to miss out again?           I’m not financially struggling, so I choose to share it for free.   NFA",,10982665,246
658641531,2026-07-09T13:25:21Z,ORCL,"$ORCL keep an eye on sam altman interview today, it can effect the price here.",,3380025,61
658641524,2026-07-09T13:25:19Z,ORCL,$ORCL LFG! …200+++,Bullish,1709607,135
658641409,2026-07-09T13:24:27Z,ORCL,$ORCL $145 call wall volume. Above $147,,4440658,938
658641048,2026-07-09T13:21:27Z,ORCL,$ORCL i am happy. Oracle is making all his best to reverse what was ladt minutes PM bad tech indicators,Bullish,9665129,98
658640475,2026-07-09T13:16:20Z,ORCL,$BTC.X $ORCL $MSTR $CXAI  Remember this.,Bullish,6921088,18
658640350,2026-07-09T13:15:14Z,ORCL,$ORCL call wall 145 where I will take profit,Bullish,8151790,489
658640188,2026-07-09T13:13:40Z,ORCL,"$ORCL created a partnership with IMSA Labs, launching Oracle Cloud Innovation Studio to accelerate AI and cloud solutions in motorsports. https://www.rapidticker.com/news/orcl-oracle-joins-imsa-labs-as-779c6c",,10725599,85
658639735,2026-07-09T13:09:20Z,ORCL,"$ORCL Is today gonna be the day, for the 200th time? It formed a beautiful candle yesterday. Looking for at least gamma flip above 146.50 level.",Bullish,6997651,143
658639710,2026-07-09T13:09:11Z,ORCL,"$ORCL will unlock shareholder value in Q3 when purchase is completed on the 50,000 MI400 series chips that $AMD is producing for them with the Helios rack system, slated to be delivered in Q3 2026 and into 2027. Weekly and daily chart look good in the previous demand zone here. Heavy watch.    https://www.amd.com/en/newsroom/press-releases/oracle-and-amd-expand-partnership-to-help-customers-ach.html",Bullish,9085698,307
658639644,2026-07-09T13:08:28Z,ORCL,"$ORCL give us a bounce, even scam stocks can bounce",,11036341,1
658639442,2026-07-09T13:06:27Z,ORCL,$ORCL I like it. I&#39;m in at $138.. will scale more. $220 by fall?,Bullish,9085698,307
658639227,2026-07-09T13:04:15Z,ORCL,$ORCL let’s gooooo,Bullish,402108,5
658639102,2026-07-09T13:02:56Z,ORCL,$ORCL has a single point of failure with its AI strategy with openAi. OpenAi needs cash to burn. So $AMD needs to hit 600 for the warrants to vest allowing OpenAi to sell stock and pay for  compute.   Ill be a buyer of Oracle&#39;s stock for a trade if AMD clears the 600 hurdle vesting OpenAIs warrants.   Its all circular and its all about where the money is going to come from to support the spending.   Not from AI revenue but from public stock sells  and much more debt.,,398441,1603
658639027,2026-07-09T13:02:08Z,ORCL,$ORCL oracle is USA 🇺🇸 Department of Defense Ai hyperscaler of choice.,Bullish,10691983,118
658638978,2026-07-09T13:01:48Z,ORCL,$ORCL let’s see today 😎,,4440658,938
658638764,2026-07-09T12:59:43Z,ORCL,$ORCL Larry and Donald are best friends 🧡     Both orange 🍊,,10691983,118
658638755,2026-07-09T12:59:38Z,ORCL,Well...we hit this level on Tuesday and yesterday: $ORCL   Not a buyer yet but its on my Greens List.,,70365,126872
658638603,2026-07-09T12:58:24Z,ORCL,$ORCL Good lord. green . i never thought we would see any green candle let alone day.,,1474496,24
658637911,2026-07-09T12:52:11Z,ORCL,$ORCL this is what happens when you become a mall. Focus on 1 thing and become leader. Algo having hard time deciding orcl is in which category 🤪,,4440658,938
658637711,2026-07-09T12:50:26Z,ORCL,$ORCL absolute dead money!,Bullish,10996837,3
658637708,2026-07-09T12:50:23Z,ORCL,"$ORCL  I see some very very interesting comments lol, this is all about the dividen, anyone who bought this stock for the dividen last month is now locked in",,1204875,160
658637513,2026-07-09T12:48:30Z,ORCL,$ORCL lies all lies fake news    Ai isn&#39;t replacing software     Ai is making software better,Bullish,10691983,118
658637424,2026-07-09T12:47:33Z,ORCL,$ORCL This stock will tank big time as AI overcapacity takes place. This company has vast debt off-balance sheet no one knows,,215309,272
658637275,2026-07-09T12:46:07Z,ORCL,"$SPY $MU $SOXL     $ORCL while others are completely ignoring this company, I&#39;ve been buying a little.  ..",,9358054,648
658637135,2026-07-09T12:44:35Z,ORCL,$ORCL $120-$130 soon,,4440658,938
658637036,2026-07-09T12:43:31Z,ORCL,"$SBUX aims to slash $400M in annual software spend by building its own AI tools, challenging $MSFT Dynamics, $IBM TRIRIGA, and $ORCL Simphony. https://notreload.xyz/starbucks-builds-ai-tools-to-replace-microsoft-ibm-oracle/",,4849364,292
658636515,2026-07-09T12:38:12Z,ORCL,$ORCL a little over a year ago many on stocktwits were sick to their stomachs and bears claimed that micron was going bankrupt it traded at $67 a shares. Nobody wanted to touch. Just a month ago maybe it traded at $1200? It&#39;s now at $900? and people who jumped in extremely late are bitching. This stock reminds me of that. Buy the commons and hang on.,,4683711,41
658636139,2026-07-09T12:34:38Z,ORCL,$ORCL,Bullish,10691983,118
658635719,2026-07-09T12:30:05Z,ORCL,$ORCL so when semis are green this decides it wants to be software for the day got it,,10935002,3
658635614,2026-07-09T12:28:48Z,ORCL,$ORCL ULTRAAAAAAAAAAAAAAAA Short is in   Bring it to NOTHING,Bearish,10667266,56
658635191,2026-07-09T12:24:18Z,ORCL,$ORCL bound to go up at some point. Getting stupid at this point,,10365683,74
658635148,2026-07-09T12:23:54Z,ORCL,$AVGO feels like $ORCL to me but without all the DEBT BS and overhang    The King of the Great Circle Jerk,,155028,62707
658634475,2026-07-09T12:16:29Z,ORCL,$ORCL down 26 percent even with dca...just made the actual loss higher but hoping it makes the profitsbbigger someday,,10632025,18
658634423,2026-07-09T12:15:53Z,ORCL,$SBUX $ORCL $MSFT $IBM $SPY,,4459467,631
658634381,2026-07-09T12:15:23Z,ORCL,$ORCL I feel like we need to lose the over exuberant bulls before we can begin any ascendency lol,,992565,39
658634049,2026-07-09T12:11:32Z,ORCL,$ORCL $147 today or tomorrow,,4440658,938
658634009,2026-07-09T12:11:06Z,ORCL,$ORCL levels for the next 2 weeks to play. Bullish RSI divergence. 145 on deck for 100%print this week if not today.   $SPY $QQQ,Bullish,8151790,489
658633016,2026-07-09T11:58:36Z,ORCL,$MSFT $ORCL $SPY short it bro let’s see how it pans out,Bullish,225115,57
658632965,2026-07-09T11:58:06Z,ORCL,$ORCL wen moon,Bullish,225115,57
658632917,2026-07-09T11:57:40Z,ORCL,$SPY markets are way too complacent. Wait for the $MSFT or $ORCL WARNING.  IT IS COMING . the charts dont lie.,Bearish,29530,390
658632701,2026-07-09T11:54:47Z,ORCL,$CRM $IGV $MSFT $ORCL $SAP the next blockbuster!,Bearish,4324864,68
658632677,2026-07-09T11:54:30Z,ORCL,$ORCL this goon absolutely xplode today and tomorrow. $170+ close tomorrow jmo. hurd it hur first bro    omly 1 frank…    JMO. NFA,Bullish,8012914,35
658632500,2026-07-09T11:52:04Z,ORCL,$ORCL share holders atm,,8151790,489
658632183,2026-07-09T11:47:34Z,ORCL,"$MSFT This is a really concerning news.  If Starbucks is able to dump MSFT enterprise software and replace it with their own AI powered tools, then is this the beginning of MSFT&#39;s enterprise software business collapse?   Scary thought...    &quot;Starbucks disclosed plans to develop AI-powered software tools capable of replacing Microsoft applications it currently uses for inventory tracking, part of a broader $2 billion cost-reduction effort that could erode Microsoft’s enterprise software revenue base&quot;    $IGV $CRM $SAP $ORCL     https://ca.investing.com/news/stock-market-news/why-is-microsoft-stock-sliding-today-93CH-4727100",,224614,2172
658632129,2026-07-09T11:46:54Z,ORCL,$VERI $ORCL I think ORCL will dive in as well.,Bullish,7702468,13
658631969,2026-07-09T11:44:44Z,ORCL,$ORCL WEN MOON,Bullish,225115,57
658631885,2026-07-09T11:43:18Z,ORCL,$ORCL $SPCX the two best meme/penny stocks on my watch list.,,8151790,489
658631851,2026-07-09T11:42:47Z,ORCL,"What&#39;s happening to $MSFT and $META this morning:     ■ Starbucks disclosed plans to develop AI-powered software tools capable of replacing Microsoft applications it currently uses for inventory tracking, part of a broader $2 billion cost-reduction effort that could erode Microsoft’s enterprise software revenue base.    ■ Meta’s acknowledgment that AI agent development has fallen behind internal expectations has dampened enthusiasm across the Magnificent     $GOOG $AMZN $ORCL     https://ca.investing.com/news/stock-market-news/why-is-microsoft-stock-sliding-today-93CH-4727100",,224614,2172
658631576,2026-07-09T11:38:16Z,ORCL,$ORCL lmao bipolar fuck hurry up and get to 145 today so I can sell my calls and you can bring out the rug again.,,8151790,489
658631365,2026-07-09T11:34:35Z,ORCL,$ORCL why did it ran to 143 and at 140 .70 now. What’s happening,,9780202,3
658631261,2026-07-09T11:32:54Z,ORCL,"$ORCL All these puts came piling into the market with Oracle’s last peak on June 1st, was a peak for many other related companies. These puts were in extreme fear zone at the top and as of now starting to unwind.   We have yesterday’s lift for Nvidia and some things are starting to recover. Maybe it will turn more bearish again, there’s no predicting sentiment. It would just be nice if we had a catalyst, not just markets are in a bad mood and deciding to dunk everything.",Bullish,8186421,203
658631236,2026-07-09T11:32:29Z,ORCL,$ORCL $INTC one of the best posts 👇 touch the point!! Hope LE see it.,,9665129,98
658630921,2026-07-09T11:26:55Z,ORCL,"$ORCL lmao. Continue scheduled program, down 1.5% in 2 minutes lol",,10365683,74
658630702,2026-07-09T11:22:45Z,ORCL,$ORCL mine as well well burn ur money into a campsite then buying this trash,,1436664,385
658630444,2026-07-09T11:17:48Z,ORCL,$ORCL there you go bastard. Can’t move one fucking day green.,,9780202,3
658630406,2026-07-09T11:17:05Z,ORCL,$ORCL would feel almost weird not to go red after 30 days of sell off,,8151790,489
658630397,2026-07-09T11:16:53Z,ORCL,$ORCL Why did I buy this dog shit,,10527235,2
658630377,2026-07-09T11:16:24Z,ORCL,$ORCL,,5446181,65
658630288,2026-07-09T11:14:23Z,ORCL,$ORCL,Bullish,9665129,98
658630255,2026-07-09T11:13:51Z,ORCL,$ORCL the WS SOB love to close gaps...nasdaq futures need to recover urgently to avoid what is seen below on indicators,,9665129,98
658630247,2026-07-09T11:13:44Z,ORCL,$ORCL wen 107???,,1275225,444
658630069,2026-07-09T11:10:44Z,ORCL,$ORCL $3 got faded like nothing,,8151790,489
658630037,2026-07-09T11:10:14Z,ORCL,$ORCL lol,,1204875,160
658629927,2026-07-09T11:08:02Z,ORCL,$ORCL this sht wa 143 in the morning. Look at now. Such a cunning price action,,9780202,3
658629822,2026-07-09T11:05:38Z,ORCL,$ORCL I’m willing to inverse this wave of extra bearish BS that struck the markets since June.   It pulled everything down but has been extra hard plunge on Oracle from $250 to $140.   Let that revert.,Bullish,8186421,203
658629775,2026-07-09T11:04:39Z,ORCL,$ORCL this stock is curse and is a POS,,1436664,385
658629344,2026-07-09T10:54:14Z,ORCL,"$ORCL next few weeks:: This should hit $130 or $120 if they want to pump it to $170 from $120🤪 FYI $130 came when orcl was $175 so, don’t think $130 or $120 is not possible from here",,4440658,938
658628648,2026-07-09T10:31:35Z,ORCL,"$ORCL You can see this rising tide of overall bearishness since April 2024, with lately being particularly deranged. Meanwhile, underlying earnings across the industry are fine, valuations are more than fine, tech leaders across the board are telling us everything is fine, but the market wants to cosplay another 2001 dotcom collapse.   It’s like a tale of two cities between outside commentators, making outrageous assertions from the sidelines, and the words and actions of the tech industry with actual skin in the game. That attitude is permeating into everything and it’s going to be A LOT OF MONEY when it eventually turns.",Bullish,8186421,203
658628499,2026-07-09T10:27:03Z,ORCL,$ORCL 145 today fam?,,1436200,28
658628166,2026-07-09T10:13:59Z,ORCL,$ORCL this week target,,4440658,938
658628099,2026-07-09T10:11:23Z,ORCL,$ORCL $138 was the floor….? 🚢💵💨,Bullish,6191347,441
658627843,2026-07-09T10:01:16Z,ORCL,"$BULL $CRM $MSTR $NOW $ORCL poopoobull,$7 is the trap by mm to gather all the dumbpoopooretail and crash to $4 👻💩🤣🤢",Bearish,10150010,18
658627660,2026-07-09T09:50:55Z,ORCL,$ORCL $150 incoming??,Bullish,10779401,340
658627455,2026-07-09T09:39:06Z,ORCL,$ORCL this has to break lower before it goes up. people srill have hope 😅,Bearish,423510,161
658627225,2026-07-09T09:27:31Z,ORCL,"$ORCL good, we crossed but unfortunetly fade but jf the nasdaq futures hold or reverse the fade a little we could get agwin the 143s i hope",Bullish,9665129,98
658627190,2026-07-09T09:25:15Z,ORCL,"$AMD $ORCL These two going up rest of year. That 50,000 MI400 series purchase will be reiterated soon.",Bullish,9085698,307
658626812,2026-07-09T09:05:24Z,ORCL,$ORCL 🤦‍♂️   https://247wallst.com/investing/2026/07/08/cramer-sees-tech-rebound-and-oracle-upside-as-data-center-spending-reshapes-market/?utm_campaign=feed&amp;utm_source=robinhood&amp;utm_medium=link&amp;utm_content=1620092,,8186421,203
658626611,2026-07-09T08:52:06Z,ORCL,$CRM sell now and buy $ORCL . you will recover your losses;,,4510465,24
658626031,2026-07-09T08:19:01Z,ORCL,$ORCL cant catch a bid many bottom fishing this one and it is tempting sometimes,,129068,54
658625724,2026-07-09T08:00:59Z,ORCL,$ORCL Going above  that prior peak of $141.60 is interesting to me.,Bullish,8186421,203
658625029,2026-07-09T07:08:27Z,ORCL,$ORCL why sell here???,,3294967,471
658624822,2026-07-09T06:54:51Z,ORCL,"$ORCL Oracle has ONE sale from ONE director recently in June, as part of a pre-planned sale that was announced way back in January. Asides that you can see some gentle trimming at much higher prices than here. This is the general theme all across the AI and overall tech industry.   It is a very stark difference from the hysterical AI dotcom implosion assertions, these get a lot of attention but they are almost always coming from commentators who have no tech experience themselves.",Bullish,8186421,203
658624806,2026-07-09T06:53:22Z,ORCL,$ORCL $PLTR 🚨 This can only mean one thing!,Bullish,1212559,257
658624770,2026-07-09T06:50:01Z,ORCL,$ORCL 150 friday,,5328717,93
658624532,2026-07-09T06:33:07Z,ORCL,"$NVDA $ORCL $AMZN $QQQ Investors just need to get over that AI isn’t a 2001 dotcom bubble. Some day they will reprice these companies accordingly, and it will be LOTS of money for current investors.",Bullish,8186421,203
658624438,2026-07-09T06:26:58Z,ORCL,"$ORCL The short squeeze will be epic, something like no one has seen before! Trump said it shorts will get destroyeddddd The president said it!",Bullish,10675799,2
658624274,2026-07-09T06:16:05Z,ORCL,$ORCL Watch out for this company in 2027! Look at the record cloud growth and the future projections! Capex debt blah blah BS is just that BS!,Bullish,3430440,43
658624140,2026-07-09T06:05:02Z,ORCL,$ORCL,,6228767,0
658624047,2026-07-09T05:57:29Z,ORCL,$ORCL 😲 💰,Bullish,8186421,203
658623974,2026-07-09T05:52:01Z,ORCL,$ORCL winnners don&#39;t allow their emotions to drive their decisions.    Here&#39;s a fact: If ORCL was $250 again right now and someone asked you if you would buy if it dropped to $140 without any negative changes to the business you&#39;d jump at the opportunity. And yet some are holding tiny bags and only down a few dollars per share and crying about it or giving up.     Surely everyone realizes how stupid that is...  Walk away for a week or two if you can&#39;t handle the price action and check in later. Couldn&#39;t possibly be any easier.,Bullish,3765681,0
658623447,2026-07-09T05:12:54Z,ORCL,$BULL $ORCL $NOW $CRM $MSTR I&#39;m convince $7 is the bottom for Webull. The only direction is up. All we need right now is patient and the same for all these stocks!,Bullish,9062451,14
658623187,2026-07-09T04:55:02Z,ORCL,$ORCL $ORCL  traditional software from ORCL will not be replaced but be entrenched with Ai Agent layer running the front end! ..See you at 300++,Bullish,1709607,135
658623111,2026-07-09T04:51:23Z,ORCL,"$ORCL Loaded a bunch at 138 today. Looking for 50% return in the next 3-6 months. If going down, load more",Bullish,10090574,53
658622859,2026-07-09T04:36:17Z,ORCL,"$ORCL One part of Oracle that&#39;s rapidly growing with a huge upside is healthcare and pharma. Oracle acquired Cerner Corp in 2022. Patient records/scheduling/ERP everything will live inside OCI with AI tools and management. Pharma and drug discovery will also be huge. There&#39;s gonna be a violent whiplash. Sticky business will get more sticky.  And then, you got government and other enterprises. The roots are getting deeper. It&#39;s here to live another 50yrs ( sorta) with AI infrastructure offering",,10581109,18
658622752,2026-07-09T04:29:40Z,ORCL,$ORCL cya at $150+,Bullish,10779401,340
658622319,2026-07-09T04:06:45Z,ORCL,"$ORCL $SPY So the technology is good, but people cannot pay for it???🧐🙄🤔",,10586746,128
658622239,2026-07-09T04:02:57Z,ORCL,$ORCL,,10586746,128
658620828,2026-07-09T03:11:18Z,ORCL,$ORCL damn i genuinely thought we’d gap up a little at opening. Looks like all AH gains lost. /:,,947822,54
658620658,2026-07-09T03:06:05Z,ORCL,"$ORCL oh boy, it’s almost like cheat code. Once in a lifetime for this piece for sure.",Bullish,8151790,489
658620411,2026-07-09T02:58:45Z,ORCL,$ORCL if this skyrockets tomorrow…. You can thank my puts!!!  Just sayin….,,2857529,67
658619674,2026-07-09T02:37:53Z,ORCL,$ORCL i like it. 30-40% bump over next 3-6 months is my prediction. Good value and sector play.,Bullish,8819942,55
658619569,2026-07-09T02:34:18Z,ORCL,$ORCL forming a solid base...  Next move will be to 155 - 160,Bullish,224065,837
658619265,2026-07-09T02:25:24Z,ORCL,"$ANET Bought this after ER drop, and keep avg down. At the time this was my biggest red in the holdings while $ORCL , $META and $MSFT  were the biggest gains. Fast forward $ANET is my biggest win and those 3 were biggest losses.",,10942832,4
658618963,2026-07-09T02:17:16Z,ORCL,$ORCL,Bullish,5906989,1570
658618950,2026-07-09T02:16:52Z,ORCL,$ORCL wen$38 mil shorts cover? Tomorrow!!,Bullish,4309391,44
658618901,2026-07-09T02:15:44Z,ORCL,$ORCL Do it.. you wont!,Bullish,9085698,307
658618025,2026-07-09T01:52:33Z,ORCL,$ORCL bough a call expiring next year. That’s all I’m giving it this time around. I want this to either run or just go fucken bankrupt already.,,513810,218
658617677,2026-07-09T01:43:38Z,ORCL,$ORCL just relax and don’t over trade it. The upside will be rewarding.,Bullish,5906989,1570
658617569,2026-07-09T01:41:07Z,ORCL,$ORCL over 145 is where to magic happens!,Bullish,574044,1764
658617483,2026-07-09T01:39:20Z,ORCL,$ORCL,Bullish,5906989,1570
658617263,2026-07-09T01:33:57Z,ORCL,"$ORCL The people are realizing how amazing this stock is, up, up!",Bullish,10320058,10
658617086,2026-07-09T01:30:00Z,ORCL,$ORCL The temptation to go long,,543554,117
658617012,2026-07-09T01:28:21Z,ORCL,$ORCL hopeless stock only buy under $140 and sell at $200.. rinse and repeat.,Bearish,241273,2313
658616757,2026-07-09T01:22:48Z,ORCL,"$ORCL let it ride tomorrow fam, 5-12% on deck. When they f this piece up this badly, you can bet for fireworks.   $QQQ $SPY",Bullish,8151790,489
658616637,2026-07-09T01:20:37Z,ORCL,$ORCL loaded ITM calls today with of course some of them getting covered cause you never know. I’d like to get paid while I wait,,643586,481
658616576,2026-07-09T01:19:17Z,ORCL,$ORCL minor recovery but not out of the woods yet. $150+ is where she will regain some swag.,Bullish,5906989,1570
658616328,2026-07-09T01:13:42Z,ORCL,"$ORCL that is why hyperscalers will cut capex this year, semis will sell off and mag7 and others will pop.",,10999732,9
658616290,2026-07-09T01:12:42Z,ORCL,$ORCL,,3765681,0
658616276,2026-07-09T01:12:27Z,ORCL,"$ORCL Too many potential catalysts to ignore. charts are cool, but people seem to completely disregard that shit is actually happening outside of little candles and lines. Either way, I like the chart at the moment.",,10999732,9
658615865,2026-07-09T01:02:54Z,ORCL,"$ORCL 3 bands on calls. moderate risk for large reward. Depending on timing, 180 is a good exit point, but 250 is the true money shot.",,10999732,9
658615624,2026-07-09T00:57:37Z,ORCL,"$ORCL The $138–140 zone looks like a critical support area. If buyers continue defending this level and the stock reclaim 143–145 on strong volume, it could mark the beginning of a higher-low reversal rather than just a temporary bounce. (Waiting...)",,9646921,77
658615565,2026-07-09T00:56:27Z,ORCL,$MSFT $ORCL  100 shares in each,Bullish,3129852,193
658615548,2026-07-09T00:56:09Z,ORCL,$ORCL This is about to breakout hard,Bullish,689899,254
658615269,2026-07-09T00:49:49Z,ORCL,$ORCL why is it cooking so much after hours?,,947822,54
658615144,2026-07-09T00:46:38Z,ORCL,$ORCL I still maintain that this is definitely ready for a technical bounce,Bullish,769772,14
658615052,2026-07-09T00:44:13Z,ORCL,"$ORCL Remember, $MSFT just shitcanned Open AI. Open AI is getting crushed by Gemini and Anthropic, they will never be able to pay their bills to landlord Oracle. They are a bagholder which means your $ORCL shareholders are bigger bag holders. Breaking under 100 end of summer, just watch.",Bearish,10883894,28
658614582,2026-07-09T00:35:47Z,ORCL,$ORCL,Bullish,4516067,169
658613825,2026-07-09T00:21:13Z,ORCL,$SPY $orcL Buy Oracle very 🍊,Bullish,10691983,118
658613824,2026-07-09T00:21:12Z,ORCL,$ORCL $META $AMZN $GOOG https://www.youtube.com/watch?v=5Sd3O-b-oPw,Bearish,10750919,69
658613713,2026-07-09T00:19:16Z,ORCL,$DJT $ORCL   $QQQ $SPY,,8151790,489
658613709,2026-07-09T00:19:15Z,ORCL,$ORCL Stong buy at this price!!! 🚀🚀🚀🚀,Bullish,4516067,169
658613682,2026-07-09T00:18:48Z,ORCL,"$ORCL don’t forget this stock is Trump’s holding. Pump and dump incoming, never bet against our beloved corrupted $DJT   $SPY $QQQ",Bullish,8151790,489
658613670,2026-07-09T00:18:34Z,ORCL,$ORCL This is primed for a big pop 🚀,Bullish,4054174,95
658613585,2026-07-09T00:17:16Z,ORCL,$ORCL it will be $130 or under next week. If not I will delete account 😎🤪,,4440658,938
658613528,2026-07-09T00:16:02Z,ORCL,$ORCL fly eagle fly,Bullish,10691983,118
658613404,2026-07-09T00:13:39Z,ORCL,$NOW $ORCL ignore these kinds of groundless speculation from a shortie lol,,174565,144
658613079,2026-07-09T00:07:29Z,ORCL,"$AMD $ORCL   Oracle and AMD are expanding their partnership to build a massive AI supercluster for Oracle Cloud Infrastructure (OCI), deploying 50,000 of AMD&#39;s next-generation Instinct MI450 GPUs starting in Q3 2026. The deal is part of Oracle&#39;s strategy to diversify beyond Nvidia by offering cost-effective, high-performance infrastructure.",Bullish,9085698,307
658613042,2026-07-09T00:06:37Z,ORCL,$ORCL I tawt I taw a puddy cat (green),Bullish,9665129,98
658612954,2026-07-09T00:04:53Z,ORCL,"$ORCL If we can reclaim $150 by Friday’s close, I’d say this correction is basically over.",Bullish,220759,1191
658612751,2026-07-09T00:00:42Z,ORCL,$ORCL slow load.. today gave another opportunity at $138 and under.,Bullish,9085698,307
658612571,2026-07-08T23:57:07Z,ORCL,"$RUM $RDDT $ORCL 200 mega watts of power that is still un-monetized. At the current rate of 10 million annually per mege watt, thats $2 billion in revenue thats waiting to be sold. Who isnt lacking in both COMPUTE and POWER right now? Let&#39;s make a deal with OpenAI or Anthropic and get that $2 billion in revenue locked in.",Bullish,225995,79
658611891,2026-07-08T23:43:51Z,ORCL,"$FSLR - is this solar name setting up for a rebound?    After a relentless 32% pullback, similar to what we’ve seen in other beaten-down names like $ORCL, the stock is now approaching an area where buyers could start stepping in.    Price is testing minor support while forming a potential double-bottom setup. The big question: can bulls defend this zone and trigger a momentum reversal?    A short-term 10-15% bounce would not be surprising if volume returns and sentiment improves. Watching $FSLR closely for a possible turnaround setup.",,7021054,2729
658611848,2026-07-08T23:43:08Z,ORCL,$ORCL     everyone will be saying BUY oracle very soon!    Oracle next Ai stock to run    Must Buy dip,Bullish,10691983,118
658611795,2026-07-08T23:41:59Z,ORCL,$ORCL,,4459467,631
658611759,2026-07-08T23:41:17Z,ORCL,"$ORCL Tomorrow $150 , Friday $170 , good weekend  🍻",,5457034,6
658611663,2026-07-08T23:39:15Z,ORCL,$ORCL,Bullish,10691983,118
658611645,2026-07-08T23:38:51Z,ORCL,"$ORCL This stock dont have much float actually, 40% own by Larry, 40% by large investors. shorts will cry😭😭😭🚀🚀🚀🚀",,5457034,6
658611582,2026-07-08T23:37:56Z,ORCL,$ORCL RSI was under 20 so if you didn’t buy today buy tomorrow,Bullish,1711918,217
658611552,2026-07-08T23:37:16Z,ORCL,$ORCL time to buy quickly,Bullish,10691983,118
658611536,2026-07-08T23:37:05Z,ORCL,"$ORCL just formed an NR7 pattern, where the current day&#39;s trading range is the narrowest of the last 7 days. This setup shows tightening before a potential explosive move either up or down.",Bullish,10520627,10
658611512,2026-07-08T23:36:43Z,ORCL,$ORCL,Bullish,10691983,118
658611390,2026-07-08T23:34:42Z,ORCL,$MU $QCOM $ORCL bottom in? let’s make that next leg,Bullish,8065889,35
658611352,2026-07-08T23:34:02Z,ORCL,"$ORCL someone saying that $135 enter is better than $138, sure. a lo of people were waited Avgo enter at $90 when it was $128. what now??? clowns missed it triple $. Jump now and sit tight until $250",,5457034,6
658610938,2026-07-08T23:24:44Z,ORCL,$ORCL about to break out??,,5932479,34
658610701,2026-07-08T23:19:01Z,ORCL,$ORCL $AMD,Bullish,9085698,307
658610532,2026-07-08T23:15:16Z,ORCL,$ORCL looks like it’s bottoming the time to buy is now,Bullish,10291730,23
658610254,2026-07-08T23:09:48Z,ORCL,"$ORCL everyone is watching the same level… now the question is whether buyers step in.    $ORCL - key bounce attempt on watch  $ORCL - looking for momentum to return and confirm strength    When a crowded trade reaches a major support zone, sentiment can flip fast. The chart needs to prove it, but a strong reaction here could bring buyers back into the name.    No guarantees - just watching price action, volume, and whether bulls defend the level.",,10856765,789
658610133,2026-07-08T23:07:00Z,ORCL,$ORCL time to bounce back towards $160,Bullish,402108,5
658610031,2026-07-08T23:04:56Z,ORCL,$ORCL,Bullish,10788478,0
658609562,2026-07-08T22:55:36Z,ORCL,"$ORCL Oracle expand defense ecosystem. the war is good for Oracle😂😂😂,  no war is good too. 🚀🚀🚀🚀",,5457034,6
658609452,2026-07-08T22:53:05Z,ORCL,"$ORCL Stupid people always gonna wait for cheaper entry level, it calls time the market. Good luck to everyone.",Bullish,5457034,6
658609438,2026-07-08T22:52:44Z,ORCL,"$ORCL   For once, it’s actually green after hours. You surprise me bitch",,220759,1191
658609406,2026-07-08T22:52:14Z,ORCL,$ORCL Trump starting the attacks on Iran. The stock is shitting already and futures are going down.Tired of Trump market tactics,,9780202,3
658609393,2026-07-08T22:51:58Z,ORCL,$ORCL   Oracle (NYSE:ORCL) is expanding its Defense Ecosystem with new partnerships and accelerators focused on emerging defense technology companies.,,4429877,36
658609321,2026-07-08T22:50:38Z,ORCL,"$ORCL   Oracle (ORCL) Expands Defense Ecosystem With New AI And Cloud Partnerships July 08, 2026",,4429877,36
658609308,2026-07-08T22:50:23Z,ORCL,"$NOW $ORCL F%ck your cat, Bob",Bullish,6550549,49
658609240,2026-07-08T22:49:04Z,ORCL,$ORCL is something brewing???,,10365683,74
658609207,2026-07-08T22:48:28Z,ORCL,$INTC $ORCL about to confirm a double indicator buy signal ? Will it work in AH if Samsung/Kospi doesn&#39;t fck us?,Bullish,9665129,98
658609183,2026-07-08T22:48:04Z,ORCL,$ORCL if management wants a short squeeze…this is the time to release some bs news,Bullish,8151790,489
658608844,2026-07-08T22:42:04Z,ORCL,Good evening    OVN  $ORCL 7/17 145c $3.4  Enjoy your night    $SPY $MU $DRAM $IGV,,1030432,1532
658608840,2026-07-08T22:42:00Z,ORCL,$ORCL 155 or higher by Friday.,,1406567,90
658608802,2026-07-08T22:41:13Z,ORCL,$ORCL I got a feeling! That the next 2 days would good days!,,1406567,90
658608592,2026-07-08T22:37:12Z,ORCL,$ORCL Can’t keep us underground forever,,10999732,9
658608579,2026-07-08T22:36:54Z,ORCL,$ORCL 👍,,10688407,13
658608562,2026-07-08T22:36:31Z,ORCL,$ORCL 👍 buy signal ??,,10688407,13
658608521,2026-07-08T22:35:55Z,ORCL,$ORCL,,10688407,13
658608515,2026-07-08T22:35:48Z,ORCL,$ORCL,,10688407,13
658608496,2026-07-08T22:35:23Z,ORCL,$ORCL same thing apply to $BMEA,,10688407,13
658608469,2026-07-08T22:34:57Z,ORCL,$ORCL,,10688407,13
658608463,2026-07-08T22:34:52Z,ORCL,$NOW $ORCL,,10688407,13
658608458,2026-07-08T22:34:48Z,ORCL,$ORCL,,10688407,13
658608452,2026-07-08T22:34:42Z,ORCL,$ORCL can you clarify ???,,10688407,13
658608376,2026-07-08T22:33:23Z,ORCL,"@dphillips76 ? I only bash POS companies like $ORCL , I&#39;m trying to save people from this scam, like when I called the top on Bitcoin when the scammer Michael Sailor was trying to get people to buy",,11044028,1
658608318,2026-07-08T22:32:32Z,ORCL,$ORCL Paper hands about to get exterminated,,10999732,9
658608205,2026-07-08T22:30:45Z,ORCL,$ORCL hopefully a reversal,,3677562,177
658608200,2026-07-08T22:30:39Z,ORCL,"$ORCL this stock is a software company on a bad day for software, then an AI infrastructure company on a bad day for AI infra names, the result, this scam will continue crashing for the next five years",Bearish,11044028,1
658608143,2026-07-08T22:29:51Z,ORCL,$ORCL 4H needs to open above the 20 SMA before I’d even think about a starter.    Even better if the 2H candle can reclaim the 50 SMA too.    Not there yet for me.,,6986924,15
658608023,2026-07-08T22:27:33Z,ORCL,$ORCL that resilience after the drop signals the bottom,Bullish,5628498,100
658607978,2026-07-08T22:26:54Z,ORCL,$ORCL when back to 200?,,10932575,1
658607841,2026-07-08T22:24:40Z,ORCL,"$ORCL starting to show signs of a potential bottoming attempt. 👀    I’ve said it the last couple sessions… and the chart is still trying to build a base.    Third time’s the charm? Maybe.    What I’m watching:  • Buyers stepping in after the recent weakness  • Stabilization around key support levels  • A potential green day to confirm momentum returning    A single bounce doesn’t change the trend, but successful bottoms usually start quietly before the crowd notices.    Watching $ORCL into the next session - one strong day could change the short-term sentiment quickly.",,7021054,2729
658607740,2026-07-08T22:23:12Z,ORCL,$ORCL $AMD Don&#39;t be a chaser.    https://www.amd.com/en/newsroom/press-releases/oracle-and-amd-expand-partnership-to-help-customers-ach.html,Bullish,9085698,307
658607261,2026-07-08T22:15:29Z,ORCL,$ORCL,Bullish,9085698,307
658606979,2026-07-08T22:11:17Z,ORCL,$ORCL still holding $140,,263715,333
658606730,2026-07-08T22:06:54Z,ORCL,"$ORCL    This has been one of the most frustrating names to trade lately.    The market can’t seem to decide how to value it - one day it gets treated like an AI infrastructure play, the next day it’s valued like a traditional software company. The result? Constant pressure and volatility.    That kind of rotation can make even strong companies feel impossible to trade in the short term.    I closed my long-term calls around the $210 area and decided to wait for a cleaner setup.    Great companies can still have difficult charts. Right now, the key is watching whether buyers step back in and reclaim momentum.",,11013265,138
658606600,2026-07-08T22:04:39Z,ORCL,"$ORCL gimme 142,90...we have a buy signal in the last 1hour bar before close ...will it work? Beeing in AH could be fake...",Bullish,9665129,98
658606365,2026-07-08T22:00:44Z,ORCL,$NOW $ORCL,Bullish,9945997,262
658606295,2026-07-08T21:59:43Z,ORCL,$ORCL  drop it 10% tomorrow,Bearish,11044028,1
658605915,2026-07-08T21:53:59Z,ORCL,$ORCL first green daily candle in 12 days,Bullish,10520627,10
658605505,2026-07-08T21:47:35Z,ORCL,$GRRR $ORCL Extremely strong Recovery in the AI Infrastructure Space today after a beatdown shows the Fear based Algo driven sell off is drying up. Congratulations to those who accumulated at or near the bottom.,Bullish,6029018,280
658605120,2026-07-08T21:41:25Z,ORCL,$ORCL 55! jesus touch some grass my friend,,1913078,89
658604893,2026-07-08T21:38:08Z,ORCL,"$NOW I give it 6 months and we will see an implosion of all A.i stocks /Companies. I think the macro will sink $NOW to $40 and $ORCL to 55. The power simply is not there and will sink the broader economy as AI hoards what they can    AI agents will become unaffordable in terms of power consumption , because that AI agents can increase response latency by up to 153.7 times compared to conventional chain-of-thought reasoning. More surprisingly, the expensive GPUs powering these workloads remained idle for up to 54.5 percent of execution time while waiting for external tools to finish their tasks.     To understand the broader implications, the team modeled a future where AI agents handle 13.7 billion requests per day – roughly equivalent to Google’s daily search traffic. Under that scenario, AI infrastructure would require approximately 198.9 gigawatts of electricity, nearly half of the average power consumed across the entire United States and far beyond the capacity of today’s AI data centers",Bearish,10883894,28
658604239,2026-07-08T21:28:59Z,ORCL,$ORCL https://www.trefis.com/stock/orcl/articles-v3/605935/the-contractual-backlog-the-oracle-stock-bears-keep-missing/2026-07-08,,220759,1191
658604168,2026-07-08T21:28:04Z,ORCL,"$ORCL with an absolute massive relief signal! After being relentlessly choked out by the bears for 12 straight days, the bulls have finally printed the very first green daily candle! The bleeding has officially stopped, and the stage is set for a violent short-squeeze reversal!",,11010766,94
658604111,2026-07-08T21:27:10Z,ORCL,"$ORCL we will clear $145 but we we hut 150-165 by eow. will clear 10k profit at the minimum but I’m looking for 40-50k by Friday  $SPY $QQQ   Grfoh with by shares and bag hold. I print weekly’s, no stress.",Bullish,8151790,489
658604052,2026-07-08T21:26:10Z,ORCL,$ORCL smells like green candles finally,Bullish,10691983,118
